"Strain","Pro_mCh","Promoter","mCherry","TargetID","Ter_mod","Terminator","Construct","BioRep","ExpRep","Median_deltaCq","RNA_Abundance","na.rm","remove"
"pPGK1-mCherry-tRPS3_mod0","pPGK1-mCherry","pPGK1","mCherry","mCh-7","tRPS3_mod0","tRPS3","mod0","BioRep1","1",-2.58,5.97939699453975,FALSE,FALSE
"pPGK1-mCherry-tRPS3_mod0","pPGK1-mCherry","pPGK1","mCherry","mCh-7","tRPS3_mod0","tRPS3","mod0","BioRep2","1",-1.885,3.69352924291758,FALSE,FALSE
"pPGK1-mCherry-tRPS3_mod0","pPGK1-mCherry","pPGK1","mCherry","mCh-7","tRPS3_mod0","tRPS3","mod0","BioRep3","1",-2.01,4.02782220022687,FALSE,FALSE
"pPGK1-mCherry-tRPS3_mod0","pPGK1-mCherry","pPGK1","mCherry","mCh-7","tRPS3_mod0","tRPS3","mod0","BioRep4","2",-2.64,6.233316637284,FALSE,FALSE
"pPGK1-mCherry-tRPS3_mod0","pPGK1-mCherry","pPGK1","mCherry","mCh-7","tRPS3_mod0","tRPS3","mod0","BioRep5","2",-2.015,4.04180578594706,FALSE,FALSE
"pPGK1-mCherry-tRPS3_mod0","pPGK1-mCherry","pPGK1","mCherry","mCh-7","tRPS3_mod0","tRPS3","mod0","BioRep6","2",-1.755,3.37526318452007,FALSE,FALSE
"pPGK1-mCherry-tRPS3_mod0","pPGK1-mCherry","pPGK1","mCherry","PGK1-ORF","tRPS3_mod0","tRPS3","mod0","BioRep1","1",-0.469999999999999,1.38510946811092,FALSE,FALSE
"pPGK1-mCherry-tRPS3_mod0","pPGK1-mCherry","pPGK1","mCherry","PGK1-ORF","tRPS3_mod0","tRPS3","mod0","BioRep2","1",0.115,0.923382310729395,FALSE,FALSE
"pPGK1-mCherry-tRPS3_mod0","pPGK1-mCherry","pPGK1","mCherry","PGK1-ORF","tRPS3_mod0","tRPS3","mod0","BioRep3","1",-0.280000000000001,1.21419488439505,FALSE,FALSE
"pPGK1-mCherry-tRPS3_mod0","pPGK1-mCherry","pPGK1","mCherry","PGK1-ORF","tRPS3_mod0","tRPS3","mod0","BioRep4","2",-0.170000000000002,1.12505848468881,FALSE,FALSE
"pPGK1-mCherry-tRPS3_mod0","pPGK1-mCherry","pPGK1","mCherry","PGK1-ORF","tRPS3_mod0","tRPS3","mod0","BioRep5","2",-0.105,1.07549439045738,FALSE,FALSE
"pPGK1-mCherry-tRPS3_mod0","pPGK1-mCherry","pPGK1","mCherry","PGK1-ORF","tRPS3_mod0","tRPS3","mod0","BioRep6","2",-0.0249999999999986,1.01747969210269,FALSE,FALSE
"pPGK1-mCherry-tRPS3_mod0","pPGK1-mCherry","pPGK1","mCherry","RPS3-ORF","tRPS3_mod0","tRPS3","mod0","BioRep1","1",0.26,0.835087919428369,FALSE,FALSE
"pPGK1-mCherry-tRPS3_mod0","pPGK1-mCherry","pPGK1","mCherry","RPS3-ORF","tRPS3_mod0","tRPS3","mod0","BioRep2","1",-0.115,1.08297504552592,FALSE,FALSE
"pPGK1-mCherry-tRPS3_mod0","pPGK1-mCherry","pPGK1","mCherry","RPS3-ORF","tRPS3_mod0","tRPS3","mod0","BioRep3","1",0.00999999999999979,0.993092495437036,FALSE,FALSE
"pPGK1-mCherry-tRPS3_mod0","pPGK1-mCherry","pPGK1","mCherry","RPS3-ORF","tRPS3_mod0","tRPS3","mod0","BioRep4","2",0.19,0.876605721316035,FALSE,FALSE
"pPGK1-mCherry-tRPS3_mod0","pPGK1-mCherry","pPGK1","mCherry","RPS3-ORF","tRPS3_mod0","tRPS3","mod0","BioRep5","2",0.105,0.929804942613162,FALSE,FALSE
"pPGK1-mCherry-tRPS3_mod0","pPGK1-mCherry","pPGK1","mCherry","RPS3-ORF","tRPS3_mod0","tRPS3","mod0","BioRep6","2",0.155000000000001,0.898132372883934,FALSE,FALSE
"pPGK1-mCherry-tRPS3_mod0","pPGK1-mCherry","pPGK1","mCherry","URA3-ORF","tRPS3_mod0","tRPS3","mod0","BioRep1","1",0.110000000000001,0.92658806189037,FALSE,FALSE
"pPGK1-mCherry-tRPS3_mod0","pPGK1-mCherry","pPGK1","mCherry","URA3-ORF","tRPS3_mod0","tRPS3","mod0","BioRep2","1",0.165000000000001,0.891928519420092,FALSE,FALSE
"pPGK1-mCherry-tRPS3_mod0","pPGK1-mCherry","pPGK1","mCherry","URA3-ORF","tRPS3_mod0","tRPS3","mod0","BioRep3","1",-0.110000000000001,1.07922823650443,FALSE,FALSE
"pPGK1-mCherry-tRPS3_mod0","pPGK1-mCherry","pPGK1","mCherry","URA3-ORF","tRPS3_mod0","tRPS3","mod0","BioRep4","2",0.119999999999999,0.920187650624876,FALSE,FALSE
"pPGK1-mCherry-tRPS3_mod0","pPGK1-mCherry","pPGK1","mCherry","URA3-ORF","tRPS3_mod0","tRPS3","mod0","BioRep5","2",0.215,0.861546159712017,FALSE,FALSE
"pPGK1-mCherry-tRPS3_mod0","pPGK1-mCherry","pPGK1","mCherry","URA3-ORF","tRPS3_mod0","tRPS3","mod0","BioRep6","2",0.755000000000001,0.592546385470791,FALSE,FALSE
"pPGK1-mCherry-tRPS3_modA","pPGK1-mCherry","pPGK1","mCherry","mCh-7","tRPS3_modA","tRPS3","modA","BioRep1","1",-2.705,6.520578659221,FALSE,FALSE
"pPGK1-mCherry-tRPS3_modA","pPGK1-mCherry","pPGK1","mCherry","mCh-7","tRPS3_modA","tRPS3","modA","BioRep2","1",-2.285,4.87364105470077,FALSE,FALSE
"pPGK1-mCherry-tRPS3_modA","pPGK1-mCherry","pPGK1","mCherry","mCh-7","tRPS3_modA","tRPS3","modA","BioRep3","1",-1.95,3.86374531569939,FALSE,FALSE
"pPGK1-mCherry-tRPS3_modA","pPGK1-mCherry","pPGK1","mCherry","mCh-7","tRPS3_modA","tRPS3","modA","BioRep4","2",-2.84,7.16020056742378,FALSE,FALSE
"pPGK1-mCherry-tRPS3_modA","pPGK1-mCherry","pPGK1","mCherry","mCh-7","tRPS3_modA","tRPS3","modA","BioRep5","2",-2.2,4.59479341998814,FALSE,FALSE
"pPGK1-mCherry-tRPS3_modA","pPGK1-mCherry","pPGK1","mCherry","mCh-7","tRPS3_modA","tRPS3","modA","BioRep6","2",-2.24,4.72397064571812,FALSE,FALSE
"pPGK1-mCherry-tRPS3_modA","pPGK1-mCherry","pPGK1","mCherry","PGK1-ORF","tRPS3_modA","tRPS3","modA","BioRep1","1",-0.365,1.28788162950983,FALSE,FALSE
"pPGK1-mCherry-tRPS3_modA","pPGK1-mCherry","pPGK1","mCherry","PGK1-ORF","tRPS3_modA","tRPS3","modA","BioRep2","1",-0.0250000000000004,1.01747969210269,FALSE,FALSE
"pPGK1-mCherry-tRPS3_modA","pPGK1-mCherry","pPGK1","mCherry","PGK1-ORF","tRPS3_modA","tRPS3","modA","BioRep3","1",-0.0500000000000007,1.03526492384138,FALSE,FALSE
"pPGK1-mCherry-tRPS3_modA","pPGK1-mCherry","pPGK1","mCherry","PGK1-ORF","tRPS3_modA","tRPS3","modA","BioRep4","2",-0.15,1.10956947206785,FALSE,FALSE
"pPGK1-mCherry-tRPS3_modA","pPGK1-mCherry","pPGK1","mCherry","PGK1-ORF","tRPS3_modA","tRPS3","modA","BioRep5","2",-0.17,1.12505848468881,FALSE,FALSE
"pPGK1-mCherry-tRPS3_modA","pPGK1-mCherry","pPGK1","mCherry","PGK1-ORF","tRPS3_modA","tRPS3","modA","BioRep6","2",-0.399999999999999,1.31950791077289,FALSE,FALSE
"pPGK1-mCherry-tRPS3_modA","pPGK1-mCherry","pPGK1","mCherry","RPS3-ORF","tRPS3_modA","tRPS3","modA","BioRep1","1",0.0250000000000004,0.982820598545251,FALSE,FALSE
"pPGK1-mCherry-tRPS3_modA","pPGK1-mCherry","pPGK1","mCherry","RPS3-ORF","tRPS3_modA","tRPS3","modA","BioRep2","1",0.195,0.873572895916694,FALSE,FALSE
"pPGK1-mCherry-tRPS3_modA","pPGK1-mCherry","pPGK1","mCherry","RPS3-ORF","tRPS3_modA","tRPS3","modA","BioRep3","1",0.0799999999999983,0.946057646725597,FALSE,FALSE
"pPGK1-mCherry-tRPS3_modA","pPGK1-mCherry","pPGK1","mCherry","RPS3-ORF","tRPS3_modA","tRPS3","modA","BioRep4","2",0.109999999999999,0.926588061890371,FALSE,FALSE
"pPGK1-mCherry-tRPS3_modA","pPGK1-mCherry","pPGK1","mCherry","RPS3-ORF","tRPS3_modA","tRPS3","modA","BioRep5","2",0.100000000000001,0.933032991536807,FALSE,FALSE
"pPGK1-mCherry-tRPS3_modA","pPGK1-mCherry","pPGK1","mCherry","RPS3-ORF","tRPS3_modA","tRPS3","modA","BioRep6","2",0.280000000000001,0.823591017267572,FALSE,FALSE
"pPGK1-mCherry-tRPS3_modA","pPGK1-mCherry","pPGK1","mCherry","URA3-ORF","tRPS3_modA","tRPS3","modA","BioRep1","1",-0.915000000000001,1.88556907183648,FALSE,FALSE
"pPGK1-mCherry-tRPS3_modA","pPGK1-mCherry","pPGK1","mCherry","URA3-ORF","tRPS3_modA","tRPS3","modA","BioRep2","1",-0.145000000000001,1.10573065332027,FALSE,FALSE
"pPGK1-mCherry-tRPS3_modA","pPGK1-mCherry","pPGK1","mCherry","URA3-ORF","tRPS3_modA","tRPS3","modA","BioRep3","1",0.0899999999999981,0.939522749214013,FALSE,FALSE
"pPGK1-mCherry-tRPS3_modA","pPGK1-mCherry","pPGK1","mCherry","URA3-ORF","tRPS3_modA","tRPS3","modA","BioRep4","2",-0.58,1.49484924863494,FALSE,FALSE
"pPGK1-mCherry-tRPS3_modA","pPGK1-mCherry","pPGK1","mCherry","URA3-ORF","tRPS3_modA","tRPS3","modA","BioRep5","2",0.0600000000000005,0.959264119325264,FALSE,FALSE
"pPGK1-mCherry-tRPS3_modA","pPGK1-mCherry","pPGK1","mCherry","URA3-ORF","tRPS3_modA","tRPS3","modA","BioRep6","2",-0.0199999999999996,1.01395947979003,FALSE,FALSE
"pPGK1-mCherry-tRPS3_modB","pPGK1-mCherry","pPGK1","mCherry","mCh-7","tRPS3_modB","tRPS3","modB","BioRep1","1",-1.725,3.30580127261685,FALSE,FALSE
"pPGK1-mCherry-tRPS3_modB","pPGK1-mCherry","pPGK1","mCherry","mCh-7","tRPS3_modB","tRPS3","modB","BioRep2","1",-1.56,2.9485384345822,FALSE,FALSE
"pPGK1-mCherry-tRPS3_modB","pPGK1-mCherry","pPGK1","mCherry","mCh-7","tRPS3_modB","tRPS3","modB","BioRep3","1",-1.085,2.12137548273644,FALSE,FALSE
"pPGK1-mCherry-tRPS3_modB","pPGK1-mCherry","pPGK1","mCherry","mCh-7","tRPS3_modB","tRPS3","modB","BioRep4","2",-1.31,2.47941539987797,FALSE,FALSE
"pPGK1-mCherry-tRPS3_modB","pPGK1-mCherry","pPGK1","mCherry","mCh-7","tRPS3_modB","tRPS3","modB","BioRep5","2",-1.355,2.55797116255486,FALSE,FALSE
"pPGK1-mCherry-tRPS3_modB","pPGK1-mCherry","pPGK1","mCherry","mCh-7","tRPS3_modB","tRPS3","modB","BioRep6","2",-1.025,2.03495938420537,FALSE,FALSE
"pPGK1-mCherry-tRPS3_modB","pPGK1-mCherry","pPGK1","mCherry","PGK1-ORF","tRPS3_modB","tRPS3","modB","BioRep1","1",0.00500000000000078,0.996540262827867,FALSE,FALSE
"pPGK1-mCherry-tRPS3_modB","pPGK1-mCherry","pPGK1","mCherry","PGK1-ORF","tRPS3_modB","tRPS3","modB","BioRep2","1",-0.26,1.19747870461893,FALSE,FALSE
"pPGK1-mCherry-tRPS3_modB","pPGK1-mCherry","pPGK1","mCherry","PGK1-ORF","tRPS3_modB","tRPS3","modB","BioRep3","1",-0.175000000000001,1.12896440480613,FALSE,FALSE
"pPGK1-mCherry-tRPS3_modB","pPGK1-mCherry","pPGK1","mCherry","PGK1-ORF","tRPS3_modB","tRPS3","modB","BioRep4","2",-0.370000000000001,1.29235283063749,FALSE,FALSE
"pPGK1-mCherry-tRPS3_modB","pPGK1-mCherry","pPGK1","mCherry","PGK1-ORF","tRPS3_modB","tRPS3","modB","BioRep5","2",-0.404999999999999,1.3240889103954,FALSE,FALSE
"pPGK1-mCherry-tRPS3_modB","pPGK1-mCherry","pPGK1","mCherry","PGK1-ORF","tRPS3_modB","tRPS3","modB","BioRep6","2",-0.114999999999998,1.08297504552592,FALSE,FALSE
"pPGK1-mCherry-tRPS3_modB","pPGK1-mCherry","pPGK1","mCherry","RPS3-ORF","tRPS3_modB","tRPS3","modB","BioRep1","1",-0.00499999999999901,1.0034717485095,FALSE,FALSE
"pPGK1-mCherry-tRPS3_modB","pPGK1-mCherry","pPGK1","mCherry","RPS3-ORF","tRPS3_modB","tRPS3","modB","BioRep2","1",0.140000000000001,0.907519155317161,FALSE,FALSE
"pPGK1-mCherry-tRPS3_modB","pPGK1-mCherry","pPGK1","mCherry","RPS3-ORF","tRPS3_modB","tRPS3","modB","BioRep3","1",0.354999999999999,0.781869643128594,FALSE,FALSE
"pPGK1-mCherry-tRPS3_modB","pPGK1-mCherry","pPGK1","mCherry","RPS3-ORF","tRPS3_modB","tRPS3","modB","BioRep4","2",0.299999999999999,0.812252396356236,FALSE,FALSE
"pPGK1-mCherry-tRPS3_modB","pPGK1-mCherry","pPGK1","mCherry","RPS3-ORF","tRPS3_modB","tRPS3","modB","BioRep5","2",0.335000000000001,0.792784136610284,FALSE,FALSE
"pPGK1-mCherry-tRPS3_modB","pPGK1-mCherry","pPGK1","mCherry","RPS3-ORF","tRPS3_modB","tRPS3","modB","BioRep6","2",0.215000000000002,0.861546159712016,FALSE,FALSE
"pPGK1-mCherry-tRPS3_modB","pPGK1-mCherry","pPGK1","mCherry","URA3-ORF","tRPS3_modB","tRPS3","modB","BioRep1","1",-0.414999999999999,1.3332986770912,FALSE,FALSE
"pPGK1-mCherry-tRPS3_modB","pPGK1-mCherry","pPGK1","mCherry","URA3-ORF","tRPS3_modB","tRPS3","modB","BioRep2","1",-0.169999999999998,1.12505848468881,FALSE,FALSE
"pPGK1-mCherry-tRPS3_modB","pPGK1-mCherry","pPGK1","mCherry","URA3-ORF","tRPS3_modB","tRPS3","modB","BioRep3","1",-0.205,1.15268634679886,FALSE,FALSE
"pPGK1-mCherry-tRPS3_modB","pPGK1-mCherry","pPGK1","mCherry","URA3-ORF","tRPS3_modB","tRPS3","modB","BioRep4","2",-0.370000000000001,1.29235283063749,FALSE,FALSE
"pPGK1-mCherry-tRPS3_modB","pPGK1-mCherry","pPGK1","mCherry","URA3-ORF","tRPS3_modB","tRPS3","modB","BioRep5","2",-0.154999999999999,1.11342161822869,FALSE,FALSE
"pPGK1-mCherry-tRPS3_modB","pPGK1-mCherry","pPGK1","mCherry","URA3-ORF","tRPS3_modB","tRPS3","modB","BioRep6","2",-0.184999999999999,1.13681697323601,FALSE,FALSE
"pPGK1-mCherry-tRPS3_modC","pPGK1-mCherry","pPGK1","mCherry","mCh-7","tRPS3_modC","tRPS3","modC","BioRep1","1",-2.295,4.90753990901522,FALSE,FALSE
"pPGK1-mCherry-tRPS3_modC","pPGK1-mCherry","pPGK1","mCherry","mCh-7","tRPS3_modC","tRPS3","modC","BioRep2","1",-2.145,4.42292261328108,FALSE,FALSE
"pPGK1-mCherry-tRPS3_modC","pPGK1-mCherry","pPGK1","mCherry","mCh-7","tRPS3_modC","tRPS3","modC","BioRep3","1",-1.935,3.82378127037497,FALSE,FALSE
"pPGK1-mCherry-tRPS3_modC","pPGK1-mCherry","pPGK1","mCherry","mCh-7","tRPS3_modC","tRPS3","modC","BioRep4","2",-2.415,5.3331947083648,FALSE,FALSE
"pPGK1-mCherry-tRPS3_modC","pPGK1-mCherry","pPGK1","mCherry","mCh-7","tRPS3_modC","tRPS3","modC","BioRep5","2",-2.17,4.50023393875524,FALSE,FALSE
"pPGK1-mCherry-tRPS3_modC","pPGK1-mCherry","pPGK1","mCherry","mCh-7","tRPS3_modC","tRPS3","modC","BioRep6","2",-2.1,4.28709385014517,FALSE,FALSE
"pPGK1-mCherry-tRPS3_modC","pPGK1-mCherry","pPGK1","mCherry","PGK1-ORF","tRPS3_modC","tRPS3","modC","BioRep1","1",-0.325000000000001,1.25266443862413,FALSE,FALSE
"pPGK1-mCherry-tRPS3_modC","pPGK1-mCherry","pPGK1","mCherry","PGK1-ORF","tRPS3_modC","tRPS3","modC","BioRep2","1",0.0549999999999997,0.962594443101752,FALSE,FALSE
"pPGK1-mCherry-tRPS3_modC","pPGK1-mCherry","pPGK1","mCherry","PGK1-ORF","tRPS3_modC","tRPS3","modC","BioRep3","1",-0.00499999999999901,1.0034717485095,FALSE,FALSE
"pPGK1-mCherry-tRPS3_modC","pPGK1-mCherry","pPGK1","mCherry","PGK1-ORF","tRPS3_modC","tRPS3","modC","BioRep4","2",-0.0950000000000006,1.06806540804785,FALSE,FALSE
"pPGK1-mCherry-tRPS3_modC","pPGK1-mCherry","pPGK1","mCherry","PGK1-ORF","tRPS3_modC","tRPS3","modC","BioRep5","2",0.109999999999999,0.926588061890371,FALSE,FALSE
"pPGK1-mCherry-tRPS3_modC","pPGK1-mCherry","pPGK1","mCherry","PGK1-ORF","tRPS3_modC","tRPS3","modC","BioRep6","2",-0.370000000000001,1.29235283063749,FALSE,FALSE
"pPGK1-mCherry-tRPS3_modC","pPGK1-mCherry","pPGK1","mCherry","RPS3-ORF","tRPS3_modC","tRPS3","modC","BioRep1","1",0.00499999999999901,0.996540262827869,FALSE,FALSE
"pPGK1-mCherry-tRPS3_modC","pPGK1-mCherry","pPGK1","mCherry","RPS3-ORF","tRPS3_modC","tRPS3","modC","BioRep2","1",-0.0549999999999997,1.03885910329766,FALSE,FALSE
"pPGK1-mCherry-tRPS3_modC","pPGK1-mCherry","pPGK1","mCherry","RPS3-ORF","tRPS3_modC","tRPS3","modC","BioRep3","1",0.00500000000000078,0.996540262827867,FALSE,FALSE
"pPGK1-mCherry-tRPS3_modC","pPGK1-mCherry","pPGK1","mCherry","RPS3-ORF","tRPS3_modC","tRPS3","modC","BioRep4","2",0.744999999999999,0.596667871515861,FALSE,FALSE
"pPGK1-mCherry-tRPS3_modC","pPGK1-mCherry","pPGK1","mCherry","RPS3-ORF","tRPS3_modC","tRPS3","modC","BioRep5","2",-0.49,1.404444875738,FALSE,FALSE
"pPGK1-mCherry-tRPS3_modC","pPGK1-mCherry","pPGK1","mCherry","RPS3-ORF","tRPS3_modC","tRPS3","modC","BioRep6","2",0.17,0.88884268116657,FALSE,FALSE
"pPGK1-mCherry-tRPS3_modC","pPGK1-mCherry","pPGK1","mCherry","URA3-ORF","tRPS3_modC","tRPS3","modC","BioRep1","1",-0.275000000000002,1.20999408921929,FALSE,FALSE
"pPGK1-mCherry-tRPS3_modC","pPGK1-mCherry","pPGK1","mCherry","URA3-ORF","tRPS3_modC","tRPS3","modC","BioRep2","1",-0.355,1.27898558127743,FALSE,FALSE
"pPGK1-mCherry-tRPS3_modC","pPGK1-mCherry","pPGK1","mCherry","URA3-ORF","tRPS3_modC","tRPS3","modC","BioRep3","1",-0.174999999999999,1.12896440480613,FALSE,FALSE
"pPGK1-mCherry-tRPS3_modC","pPGK1-mCherry","pPGK1","mCherry","URA3-ORF","tRPS3_modC","tRPS3","modC","BioRep4","2",0.624999999999998,0.648419777325506,FALSE,FALSE
"pPGK1-mCherry-tRPS3_modC","pPGK1-mCherry","pPGK1","mCherry","URA3-ORF","tRPS3_modC","tRPS3","modC","BioRep5","2",0.140000000000001,0.907519155317161,FALSE,FALSE
"pPGK1-mCherry-tRPS3_modC","pPGK1-mCherry","pPGK1","mCherry","URA3-ORF","tRPS3_modC","tRPS3","modC","BioRep6","2",0.799999999999999,0.574349177498518,FALSE,FALSE
"pPGK1-mCherry-tRPS3_modD","pPGK1-mCherry","pPGK1","mCherry","mCh-7","tRPS3_modD","tRPS3","modD","BioRep1","1",-1.2,2.29739670999407,FALSE,FALSE
"pPGK1-mCherry-tRPS3_modD","pPGK1-mCherry","pPGK1","mCherry","mCh-7","tRPS3_modD","tRPS3","modD","BioRep2","1",-1.15,2.21913894413569,FALSE,FALSE
"pPGK1-mCherry-tRPS3_modD","pPGK1-mCherry","pPGK1","mCherry","mCh-7","tRPS3_modD","tRPS3","modD","BioRep3","1",-1.15,2.21913894413569,FALSE,FALSE
"pPGK1-mCherry-tRPS3_modD","pPGK1-mCherry","pPGK1","mCherry","mCh-7","tRPS3_modD","tRPS3","modD","BioRep4","2",-1.305,2.47083727425386,FALSE,FALSE
"pPGK1-mCherry-tRPS3_modD","pPGK1-mCherry","pPGK1","mCherry","mCh-7","tRPS3_modD","tRPS3","modD","BioRep5","2",-2.135,4.3923712551482,FALSE,FALSE
"pPGK1-mCherry-tRPS3_modD","pPGK1-mCherry","pPGK1","mCherry","mCh-7","tRPS3_modD","tRPS3","modD","BioRep6","2",-1.335,2.5227548176625,FALSE,FALSE
"pPGK1-mCherry-tRPS3_modD","pPGK1-mCherry","pPGK1","mCherry","PGK1-ORF","tRPS3_modD","tRPS3","modD","BioRep1","1",-0.140000000000001,1.10190511587661,FALSE,FALSE
"pPGK1-mCherry-tRPS3_modD","pPGK1-mCherry","pPGK1","mCherry","PGK1-ORF","tRPS3_modD","tRPS3","modD","BioRep2","1",-0.0599999999999987,1.04246576084112,FALSE,FALSE
"pPGK1-mCherry-tRPS3_modD","pPGK1-mCherry","pPGK1","mCherry","PGK1-ORF","tRPS3_modD","tRPS3","modD","BioRep3","1",-0.00999999999999979,1.00695555005672,FALSE,FALSE
"pPGK1-mCherry-tRPS3_modD","pPGK1-mCherry","pPGK1","mCherry","PGK1-ORF","tRPS3_modD","tRPS3","modD","BioRep4","2",-0.105,1.07549439045738,FALSE,FALSE
"pPGK1-mCherry-tRPS3_modD","pPGK1-mCherry","pPGK1","mCherry","PGK1-ORF","tRPS3_modD","tRPS3","modD","BioRep5","2",-0.484999999999999,1.3995858655952,FALSE,FALSE
"pPGK1-mCherry-tRPS3_modD","pPGK1-mCherry","pPGK1","mCherry","PGK1-ORF","tRPS3_modD","tRPS3","modD","BioRep6","2",-0.0750000000000011,1.05336103595484,FALSE,FALSE
"pPGK1-mCherry-tRPS3_modD","pPGK1-mCherry","pPGK1","mCherry","RPS3-ORF","tRPS3_modD","tRPS3","modD","BioRep1","1",0.0800000000000001,0.946057646725596,FALSE,FALSE
"pPGK1-mCherry-tRPS3_modD","pPGK1-mCherry","pPGK1","mCherry","RPS3-ORF","tRPS3_modD","tRPS3","modD","BioRep2","1",0.0600000000000005,0.959264119325264,FALSE,FALSE
"pPGK1-mCherry-tRPS3_modD","pPGK1-mCherry","pPGK1","mCherry","RPS3-ORF","tRPS3_modD","tRPS3","modD","BioRep3","1",0.0299999999999994,0.979420297586927,FALSE,FALSE
"pPGK1-mCherry-tRPS3_modD","pPGK1-mCherry","pPGK1","mCherry","RPS3-ORF","tRPS3_modD","tRPS3","modD","BioRep4","2",0.145,0.904379377561088,FALSE,FALSE
"pPGK1-mCherry-tRPS3_modD","pPGK1-mCherry","pPGK1","mCherry","RPS3-ORF","tRPS3_modD","tRPS3","modD","BioRep5","2",0.0449999999999999,0.969289816935065,FALSE,FALSE
"pPGK1-mCherry-tRPS3_modD","pPGK1-mCherry","pPGK1","mCherry","RPS3-ORF","tRPS3_modD","tRPS3","modD","BioRep6","2",0.114999999999998,0.923382310729396,FALSE,FALSE
"pPGK1-mCherry-tRPS3_modD","pPGK1-mCherry","pPGK1","mCherry","URA3-ORF","tRPS3_modD","tRPS3","modD","BioRep1","1",0.73,0.60290391384538,FALSE,FALSE
"pPGK1-mCherry-tRPS3_modD","pPGK1-mCherry","pPGK1","mCherry","URA3-ORF","tRPS3_modD","tRPS3","modD","BioRep2","1",0.370000000000001,0.773782496771194,FALSE,FALSE
"pPGK1-mCherry-tRPS3_modD","pPGK1-mCherry","pPGK1","mCherry","URA3-ORF","tRPS3_modD","tRPS3","modD","BioRep3","1",0.359999999999999,0.7791645796605,FALSE,FALSE
"pPGK1-mCherry-tRPS3_modD","pPGK1-mCherry","pPGK1","mCherry","URA3-ORF","tRPS3_modD","tRPS3","modD","BioRep4","2",1.065,0.477972658796871,FALSE,FALSE
"pPGK1-mCherry-tRPS3_modD","pPGK1-mCherry","pPGK1","mCherry","URA3-ORF","tRPS3_modD","tRPS3","modD","BioRep5","2",0.525,0.694959109921168,FALSE,FALSE
"pPGK1-mCherry-tRPS3_modD","pPGK1-mCherry","pPGK1","mCherry","URA3-ORF","tRPS3_modD","tRPS3","modD","BioRep6","2",1.065,0.477972658796871,FALSE,FALSE
"pPGK1-mCherry-tRPS3_modE","pPGK1-mCherry","pPGK1","mCherry","mCh-7","tRPS3_modE","tRPS3","modE","BioRep1","1",-1.245,2.37018554188316,FALSE,FALSE
"pPGK1-mCherry-tRPS3_modE","pPGK1-mCherry","pPGK1","mCherry","mCh-7","tRPS3_modE","tRPS3","modE","BioRep2","1",-0.914999999999999,1.88556907183648,FALSE,FALSE
"pPGK1-mCherry-tRPS3_modE","pPGK1-mCherry","pPGK1","mCherry","mCh-7","tRPS3_modE","tRPS3","modE","BioRep3","1",-1.84,3.58010028371189,FALSE,FALSE
"pPGK1-mCherry-tRPS3_modE","pPGK1-mCherry","pPGK1","mCherry","mCh-7","tRPS3_modE","tRPS3","modE","BioRep4","2",-1.59,3.01049349482214,FALSE,FALSE
"pPGK1-mCherry-tRPS3_modE","pPGK1-mCherry","pPGK1","mCherry","mCh-7","tRPS3_modE","tRPS3","modE","BioRep5","2",-1.415,2.6665973541824,FALSE,FALSE
"pPGK1-mCherry-tRPS3_modE","pPGK1-mCherry","pPGK1","mCherry","mCh-7","tRPS3_modE","tRPS3","modE","BioRep6","2",-1.695,3.23776886618963,FALSE,FALSE
"pPGK1-mCherry-tRPS3_modE","pPGK1-mCherry","pPGK1","mCherry","PGK1-ORF","tRPS3_modE","tRPS3","modE","BioRep1","1",0.155000000000001,0.898132372883934,FALSE,FALSE
"pPGK1-mCherry-tRPS3_modE","pPGK1-mCherry","pPGK1","mCherry","PGK1-ORF","tRPS3_modE","tRPS3","modE","BioRep2","1",0.195,0.873572895916694,FALSE,FALSE
"pPGK1-mCherry-tRPS3_modE","pPGK1-mCherry","pPGK1","mCherry","PGK1-ORF","tRPS3_modE","tRPS3","modE","BioRep3","1",-0.0999999999999996,1.07177346253629,FALSE,FALSE
"pPGK1-mCherry-tRPS3_modE","pPGK1-mCherry","pPGK1","mCherry","PGK1-ORF","tRPS3_modE","tRPS3","modE","BioRep4","2",-0.700000000000001,1.62450479271247,FALSE,FALSE
"pPGK1-mCherry-tRPS3_modE","pPGK1-mCherry","pPGK1","mCherry","PGK1-ORF","tRPS3_modE","tRPS3","modE","BioRep5","2",-0.274999999999999,1.20999408921929,FALSE,FALSE
"pPGK1-mCherry-tRPS3_modE","pPGK1-mCherry","pPGK1","mCherry","PGK1-ORF","tRPS3_modE","tRPS3","modE","BioRep6","2",-0.615,1.53155799709438,FALSE,FALSE
"pPGK1-mCherry-tRPS3_modE","pPGK1-mCherry","pPGK1","mCherry","RPS3-ORF","tRPS3_modE","tRPS3","modE","BioRep1","1",-0.0249999999999986,1.01747969210269,FALSE,FALSE
"pPGK1-mCherry-tRPS3_modE","pPGK1-mCherry","pPGK1","mCherry","RPS3-ORF","tRPS3_modE","tRPS3","modE","BioRep2","1",-0.194999999999999,1.14472416059868,FALSE,FALSE
"pPGK1-mCherry-tRPS3_modE","pPGK1-mCherry","pPGK1","mCherry","RPS3-ORF","tRPS3_modE","tRPS3","modE","BioRep3","1",0.0999999999999996,0.933032991536808,FALSE,FALSE
"pPGK1-mCherry-tRPS3_modE","pPGK1-mCherry","pPGK1","mCherry","RPS3-ORF","tRPS3_modE","tRPS3","modE","BioRep4","2",0.0299999999999994,0.979420297586927,FALSE,FALSE
"pPGK1-mCherry-tRPS3_modE","pPGK1-mCherry","pPGK1","mCherry","RPS3-ORF","tRPS3_modE","tRPS3","modE","BioRep5","2",0.205,0.867538687152068,FALSE,FALSE
"pPGK1-mCherry-tRPS3_modE","pPGK1-mCherry","pPGK1","mCherry","RPS3-ORF","tRPS3_modE","tRPS3","modE","BioRep6","2",0.424999999999999,0.744838731561352,FALSE,FALSE
"pPGK1-mCherry-tRPS3_modE","pPGK1-mCherry","pPGK1","mCherry","URA3-ORF","tRPS3_modE","tRPS3","modE","BioRep1","1",0.625000000000002,0.648419777325504,FALSE,FALSE
"pPGK1-mCherry-tRPS3_modE","pPGK1-mCherry","pPGK1","mCherry","URA3-ORF","tRPS3_modE","tRPS3","modE","BioRep2","1",0.465,0.72447107727744,FALSE,FALSE
"pPGK1-mCherry-tRPS3_modE","pPGK1-mCherry","pPGK1","mCherry","URA3-ORF","tRPS3_modE","tRPS3","modE","BioRep3","1",-0.609999999999999,1.52625920896056,FALSE,FALSE
"pPGK1-mCherry-tRPS3_modE","pPGK1-mCherry","pPGK1","mCherry","URA3-ORF","tRPS3_modE","tRPS3","modE","BioRep4","2",-0.100000000000001,1.07177346253629,FALSE,FALSE
"pPGK1-mCherry-tRPS3_modE","pPGK1-mCherry","pPGK1","mCherry","URA3-ORF","tRPS3_modE","tRPS3","modE","BioRep5","2",-0.0749999999999993,1.05336103595484,FALSE,FALSE
"pPGK1-mCherry-tRPS3_modE","pPGK1-mCherry","pPGK1","mCherry","URA3-ORF","tRPS3_modE","tRPS3","modE","BioRep6","2",-0.0750000000000011,1.05336103595484,FALSE,FALSE
"pPGK1-mCherry-tRPS3_WT","pPGK1-mCherry","pPGK1","mCherry","mCh-7","tRPS3_WT","tRPS3","WT","BioRep1","1",-0.890000000000001,1.85317612378074,FALSE,FALSE
"pPGK1-mCherry-tRPS3_WT","pPGK1-mCherry","pPGK1","mCherry","mCh-7","tRPS3_WT","tRPS3","WT","BioRep3","1",-2.685,6.43080792594521,FALSE,FALSE
"pPGK1-mCherry-tRPS3_WT","pPGK1-mCherry","pPGK1","mCherry","mCh-7","tRPS3_WT","tRPS3","WT","BioRep4","2",-2.81,7.01284577052828,FALSE,FALSE
"pPGK1-mCherry-tRPS3_WT","pPGK1-mCherry","pPGK1","mCherry","mCh-7","tRPS3_WT","tRPS3","WT","BioRep5","2",-2.135,4.3923712551482,FALSE,FALSE
"pPGK1-mCherry-tRPS3_WT","pPGK1-mCherry","pPGK1","mCherry","mCh-7","tRPS3_WT","tRPS3","WT","BioRep6","2",-2.315,4.97604661319387,FALSE,FALSE
"pPGK1-mCherry-tRPS3_WT","pPGK1-mCherry","pPGK1","mCherry","PGK1-ORF","tRPS3_WT","tRPS3","WT","BioRep1","1",-0.23,1.17283494923188,FALSE,FALSE
"pPGK1-mCherry-tRPS3_WT","pPGK1-mCherry","pPGK1","mCherry","PGK1-ORF","tRPS3_WT","tRPS3","WT","BioRep3","1",-0.404999999999999,1.3240889103954,FALSE,FALSE
"pPGK1-mCherry-tRPS3_WT","pPGK1-mCherry","pPGK1","mCherry","PGK1-ORF","tRPS3_WT","tRPS3","WT","BioRep4","2",-0.27,1.20580782769076,FALSE,FALSE
"pPGK1-mCherry-tRPS3_WT","pPGK1-mCherry","pPGK1","mCherry","PGK1-ORF","tRPS3_WT","tRPS3","WT","BioRep5","2",-0.0150000000000006,1.01045144648676,FALSE,FALSE
"pPGK1-mCherry-tRPS3_WT","pPGK1-mCherry","pPGK1","mCherry","PGK1-ORF","tRPS3_WT","tRPS3","WT","BioRep6","2",-0.204999999999998,1.15268634679886,FALSE,FALSE
"pPGK1-mCherry-tRPS3_WT","pPGK1-mCherry","pPGK1","mCherry","RPS3-ORF","tRPS3_WT","tRPS3","WT","BioRep1","1",0.23,0.852634891767956,FALSE,FALSE
"pPGK1-mCherry-tRPS3_WT","pPGK1-mCherry","pPGK1","mCherry","RPS3-ORF","tRPS3_WT","tRPS3","WT","BioRep3","1",0.235000000000001,0.849684999138649,FALSE,FALSE
"pPGK1-mCherry-tRPS3_WT","pPGK1-mCherry","pPGK1","mCherry","RPS3-ORF","tRPS3_WT","tRPS3","WT","BioRep4","2",0.33,0.795536483754919,FALSE,FALSE
"pPGK1-mCherry-tRPS3_WT","pPGK1-mCherry","pPGK1","mCherry","RPS3-ORF","tRPS3_WT","tRPS3","WT","BioRep5","2",0.0149999999999988,0.989656656415208,FALSE,FALSE
"pPGK1-mCherry-tRPS3_WT","pPGK1-mCherry","pPGK1","mCherry","RPS3-ORF","tRPS3_WT","tRPS3","WT","BioRep6","2",0.135000000000002,0.910669833591978,FALSE,FALSE
"pPGK1-mCherry-tRPS3_WT","pPGK1-mCherry","pPGK1","mCherry","URA3-ORF","tRPS3_WT","tRPS3","WT","BioRep1","1",0.0700000000000003,0.952637998043937,FALSE,FALSE
"pPGK1-mCherry-tRPS3_WT","pPGK1-mCherry","pPGK1","mCherry","URA3-ORF","tRPS3_WT","tRPS3","WT","BioRep3","1",0.345000000000001,0.787307976569203,FALSE,FALSE
"pPGK1-mCherry-tRPS3_WT","pPGK1-mCherry","pPGK1","mCherry","URA3-ORF","tRPS3_WT","tRPS3","WT","BioRep4","2",-0.42,1.33792755478611,FALSE,FALSE
"pPGK1-mCherry-tRPS3_WT","pPGK1-mCherry","pPGK1","mCherry","URA3-ORF","tRPS3_WT","tRPS3","WT","BioRep5","2",0.544999999999998,0.685391402489853,FALSE,FALSE
"pPGK1-mCherry-tRPS3_WT","pPGK1-mCherry","pPGK1","mCherry","URA3-ORF","tRPS3_WT","tRPS3","WT","BioRep6","2",0.525,0.694959109921168,FALSE,FALSE
"pRPS3-mCherry-tRPS3_mod0","pRPS3-mCherry","pRPS3","mCherry","mCh-7","tRPS3_mod0","tRPS3","mod0","BioRep1","1",0.245000000000001,0.843815796130017,FALSE,FALSE
"pRPS3-mCherry-tRPS3_mod0","pRPS3-mCherry","pRPS3","mCherry","mCh-7","tRPS3_mod0","tRPS3","mod0","BioRep2","1",-0.699999999999999,1.62450479271247,FALSE,FALSE
"pRPS3-mCherry-tRPS3_mod0","pRPS3-mCherry","pRPS3","mCherry","mCh-7","tRPS3_mod0","tRPS3","mod0","BioRep3","1",0.115000000000002,0.923382310729394,FALSE,FALSE
"pRPS3-mCherry-tRPS3_mod0","pRPS3-mCherry","pRPS3","mCherry","mCh-7","tRPS3_mod0","tRPS3","mod0","BioRep4","2",-0.884999999999998,1.84676462145879,FALSE,FALSE
"pRPS3-mCherry-tRPS3_mod0","pRPS3-mCherry","pRPS3","mCherry","mCh-7","tRPS3_mod0","tRPS3","mod0","BioRep5","2",-1.525,2.87786716002164,FALSE,FALSE
"pRPS3-mCherry-tRPS3_mod0","pRPS3-mCherry","pRPS3","mCherry","mCh-7","tRPS3_mod0","tRPS3","mod0","BioRep6","2",-1.3,2.46228882668983,FALSE,FALSE
"pRPS3-mCherry-tRPS3_mod0","pRPS3-mCherry","pRPS3","mCherry","PGK1-ORF","tRPS3_mod0","tRPS3","mod0","BioRep1","1",0.0550000000000015,0.96259444310175,FALSE,FALSE
"pRPS3-mCherry-tRPS3_mod0","pRPS3-mCherry","pRPS3","mCherry","PGK1-ORF","tRPS3_mod0","tRPS3","mod0","BioRep2","1",0.119999999999999,0.920187650624876,FALSE,FALSE
"pRPS3-mCherry-tRPS3_mod0","pRPS3-mCherry","pRPS3","mCherry","PGK1-ORF","tRPS3_mod0","tRPS3","mod0","BioRep3","1",0.155000000000001,0.898132372883934,FALSE,FALSE
"pRPS3-mCherry-tRPS3_mod0","pRPS3-mCherry","pRPS3","mCherry","PGK1-ORF","tRPS3_mod0","tRPS3","mod0","BioRep4","2",-0.274999999999999,1.20999408921929,FALSE,FALSE
"pRPS3-mCherry-tRPS3_mod0","pRPS3-mCherry","pRPS3","mCherry","PGK1-ORF","tRPS3_mod0","tRPS3","mod0","BioRep5","2",-0.0449999999999999,1.03168317930136,FALSE,FALSE
"pRPS3-mCherry-tRPS3_mod0","pRPS3-mCherry","pRPS3","mCherry","PGK1-ORF","tRPS3_mod0","tRPS3","mod0","BioRep6","2",-0.109999999999999,1.07922823650443,FALSE,FALSE
"pRPS3-mCherry-tRPS3_mod0","pRPS3-mCherry","pRPS3","mCherry","RPS3-ORF","tRPS3_mod0","tRPS3","mod0","BioRep1","1",-0.294999999999998,1.2268849772538,FALSE,FALSE
"pRPS3-mCherry-tRPS3_mod0","pRPS3-mCherry","pRPS3","mCherry","RPS3-ORF","tRPS3_mod0","tRPS3","mod0","BioRep2","1",-0.119999999999999,1.08673486252606,FALSE,FALSE
"pRPS3-mCherry-tRPS3_mod0","pRPS3-mCherry","pRPS3","mCherry","RPS3-ORF","tRPS3_mod0","tRPS3","mod0","BioRep3","1",-0.154999999999999,1.11342161822869,FALSE,FALSE
"pRPS3-mCherry-tRPS3_mod0","pRPS3-mCherry","pRPS3","mCherry","RPS3-ORF","tRPS3_mod0","tRPS3","mod0","BioRep4","2",0.175000000000001,0.88576751910236,FALSE,FALSE
"pRPS3-mCherry-tRPS3_mod0","pRPS3-mCherry","pRPS3","mCherry","RPS3-ORF","tRPS3_mod0","tRPS3","mod0","BioRep5","2",0.0449999999999999,0.969289816935065,FALSE,FALSE
"pRPS3-mCherry-tRPS3_mod0","pRPS3-mCherry","pRPS3","mCherry","RPS3-ORF","tRPS3_mod0","tRPS3","mod0","BioRep6","2",0.120000000000001,0.920187650624874,FALSE,FALSE
"pRPS3-mCherry-tRPS3_mod0","pRPS3-mCherry","pRPS3","mCherry","URA3-ORF","tRPS3_mod0","tRPS3","mod0","BioRep1","1",1.695,0.308854659281732,FALSE,FALSE
"pRPS3-mCherry-tRPS3_mod0","pRPS3-mCherry","pRPS3","mCherry","URA3-ORF","tRPS3_mod0","tRPS3","mod0","BioRep2","1",0.869999999999999,0.54714685063037,FALSE,FALSE
"pRPS3-mCherry-tRPS3_mod0","pRPS3-mCherry","pRPS3","mCherry","URA3-ORF","tRPS3_mod0","tRPS3","mod0","BioRep3","1",0.875000000000002,0.545253866332628,FALSE,FALSE
"pRPS3-mCherry-tRPS3_mod0","pRPS3-mCherry","pRPS3","mCherry","URA3-ORF","tRPS3_mod0","tRPS3","mod0","BioRep4","2",0.865000000000002,0.549046406893524,FALSE,FALSE
"pRPS3-mCherry-tRPS3_mod0","pRPS3-mCherry","pRPS3","mCherry","URA3-ORF","tRPS3_mod0","tRPS3","mod0","BioRep5","2",0.165000000000001,0.891928519420092,FALSE,FALSE
"pRPS3-mCherry-tRPS3_mod0","pRPS3-mCherry","pRPS3","mCherry","URA3-ORF","tRPS3_mod0","tRPS3","mod0","BioRep6","2",0.300000000000001,0.812252396356235,FALSE,FALSE
"pRPS3-mCherry-tRPS3_modA","pRPS3-mCherry","pRPS3","mCherry","mCh-7","tRPS3_modA","tRPS3","modA","BioRep1","1",-0.315,1.24401165329847,FALSE,FALSE
"pRPS3-mCherry-tRPS3_modA","pRPS3-mCherry","pRPS3","mCherry","mCh-7","tRPS3_modA","tRPS3","modA","BioRep2","1",-0.33,1.25701337452183,FALSE,FALSE
"pRPS3-mCherry-tRPS3_modA","pRPS3-mCherry","pRPS3","mCherry","mCh-7","tRPS3_modA","tRPS3","modA","BioRep3","1",0.0299999999999994,0.979420297586927,FALSE,FALSE
"pRPS3-mCherry-tRPS3_modA","pRPS3-mCherry","pRPS3","mCherry","mCh-7","tRPS3_modA","tRPS3","modA","BioRep4","2",-0.889999999999999,1.85317612378074,FALSE,FALSE
"pRPS3-mCherry-tRPS3_modA","pRPS3-mCherry","pRPS3","mCherry","mCh-7","tRPS3_modA","tRPS3","modA","BioRep5","2",-1.265,2.4032720990537,FALSE,FALSE
"pRPS3-mCherry-tRPS3_modA","pRPS3-mCherry","pRPS3","mCherry","mCh-7","tRPS3_modA","tRPS3","modA","BioRep6","2",-0.94,1.91852823865053,FALSE,FALSE
"pRPS3-mCherry-tRPS3_modA","pRPS3-mCherry","pRPS3","mCherry","PGK1-ORF","tRPS3_modA","tRPS3","modA","BioRep1","1",0.105,0.929804942613162,FALSE,FALSE
"pRPS3-mCherry-tRPS3_modA","pRPS3-mCherry","pRPS3","mCherry","PGK1-ORF","tRPS3_modA","tRPS3","modA","BioRep2","1",-0.00999999999999979,1.00695555005672,FALSE,FALSE
"pRPS3-mCherry-tRPS3_modA","pRPS3-mCherry","pRPS3","mCherry","PGK1-ORF","tRPS3_modA","tRPS3","modA","BioRep3","1",0.00999999999999979,0.993092495437036,FALSE,FALSE
"pRPS3-mCherry-tRPS3_modA","pRPS3-mCherry","pRPS3","mCherry","PGK1-ORF","tRPS3_modA","tRPS3","modA","BioRep4","2",-0.0299999999999994,1.02101212570719,FALSE,FALSE
"pRPS3-mCherry-tRPS3_modA","pRPS3-mCherry","pRPS3","mCherry","PGK1-ORF","tRPS3_modA","tRPS3","modA","BioRep5","2",-0.0850000000000009,1.06068774136822,FALSE,FALSE
"pRPS3-mCherry-tRPS3_modA","pRPS3-mCherry","pRPS3","mCherry","PGK1-ORF","tRPS3_modA","tRPS3","modA","BioRep6","2",-0.0700000000000003,1.04971668362307,FALSE,FALSE
"pRPS3-mCherry-tRPS3_modA","pRPS3-mCherry","pRPS3","mCherry","RPS3-ORF","tRPS3_modA","tRPS3","modA","BioRep1","1",-0.375,1.29683955465101,FALSE,FALSE
"pRPS3-mCherry-tRPS3_modA","pRPS3-mCherry","pRPS3","mCherry","RPS3-ORF","tRPS3_modA","tRPS3","modA","BioRep2","1",0.5,0.707106781186548,FALSE,FALSE
"pRPS3-mCherry-tRPS3_modA","pRPS3-mCherry","pRPS3","mCherry","RPS3-ORF","tRPS3_modA","tRPS3","modA","BioRep3","1",-0.0200000000000014,1.01395947979003,FALSE,FALSE
"pRPS3-mCherry-tRPS3_modA","pRPS3-mCherry","pRPS3","mCherry","RPS3-ORF","tRPS3_modA","tRPS3","modA","BioRep4","2",0.0300000000000011,0.979420297586926,FALSE,FALSE
"pRPS3-mCherry-tRPS3_modA","pRPS3-mCherry","pRPS3","mCherry","RPS3-ORF","tRPS3_modA","tRPS3","modA","BioRep5","2",0.0449999999999999,0.969289816935065,FALSE,FALSE
"pRPS3-mCherry-tRPS3_modA","pRPS3-mCherry","pRPS3","mCherry","RPS3-ORF","tRPS3_modA","tRPS3","modA","BioRep6","2",0.0400000000000009,0.972654947412285,FALSE,FALSE
"pRPS3-mCherry-tRPS3_modA","pRPS3-mCherry","pRPS3","mCherry","URA3-ORF","tRPS3_modA","tRPS3","modA","BioRep1","1",0.745000000000001,0.596667871515861,FALSE,FALSE
"pRPS3-mCherry-tRPS3_modA","pRPS3-mCherry","pRPS3","mCherry","URA3-ORF","tRPS3_modA","tRPS3","modA","BioRep2","1",-0.210000000000001,1.15668818390529,FALSE,FALSE
"pRPS3-mCherry-tRPS3_modA","pRPS3-mCherry","pRPS3","mCherry","URA3-ORF","tRPS3_modA","tRPS3","modA","BioRep3","1",0.809999999999999,0.570381857934212,FALSE,FALSE
"pRPS3-mCherry-tRPS3_modA","pRPS3-mCherry","pRPS3","mCherry","URA3-ORF","tRPS3_modA","tRPS3","modA","BioRep4","2",0.320000000000002,0.801069877589621,FALSE,FALSE
"pRPS3-mCherry-tRPS3_modA","pRPS3-mCherry","pRPS3","mCherry","URA3-ORF","tRPS3_modA","tRPS3","modA","BioRep5","2",-0.0549999999999997,1.03885910329766,FALSE,FALSE
"pRPS3-mCherry-tRPS3_modA","pRPS3-mCherry","pRPS3","mCherry","URA3-ORF","tRPS3_modA","tRPS3","modA","BioRep6","2",0.359999999999999,0.7791645796605,FALSE,FALSE
"pRPS3-mCherry-tRPS3_modB","pRPS3-mCherry","pRPS3","mCherry","mCh-7","tRPS3_modB","tRPS3","modB","BioRep1","1",1.725,0.302498522304823,FALSE,FALSE
"pRPS3-mCherry-tRPS3_modB","pRPS3-mCherry","pRPS3","mCherry","mCh-7","tRPS3_modB","tRPS3","modB","BioRep2","1",1.695,0.308854659281732,FALSE,FALSE
"pRPS3-mCherry-tRPS3_modB","pRPS3-mCherry","pRPS3","mCherry","mCh-7","tRPS3_modB","tRPS3","modB","BioRep3","1",2.12,0.230046912656219,FALSE,FALSE
"pRPS3-mCherry-tRPS3_modB","pRPS3-mCherry","pRPS3","mCherry","mCh-7","tRPS3_modB","tRPS3","modB","BioRep4","2",0.565000000000001,0.675955416514062,FALSE,FALSE
"pRPS3-mCherry-tRPS3_modB","pRPS3-mCherry","pRPS3","mCherry","mCh-7","tRPS3_modB","tRPS3","modB","BioRep5","2",0.635,0.643940814754913,FALSE,FALSE
"pRPS3-mCherry-tRPS3_modB","pRPS3-mCherry","pRPS3","mCherry","mCh-7","tRPS3_modB","tRPS3","modB","BioRep6","2",0.715000000000002,0.609205131837595,FALSE,FALSE
"pRPS3-mCherry-tRPS3_modB","pRPS3-mCherry","pRPS3","mCherry","PGK1-ORF","tRPS3_modB","tRPS3","modB","BioRep1","1",-0.0449999999999999,1.03168317930136,FALSE,FALSE
"pRPS3-mCherry-tRPS3_modB","pRPS3-mCherry","pRPS3","mCherry","PGK1-ORF","tRPS3_modB","tRPS3","modB","BioRep2","1",-0.0749999999999993,1.05336103595484,FALSE,FALSE
"pRPS3-mCherry-tRPS3_modB","pRPS3-mCherry","pRPS3","mCherry","PGK1-ORF","tRPS3_modB","tRPS3","modB","BioRep3","1",0.279999999999999,0.823591017267573,FALSE,FALSE
"pRPS3-mCherry-tRPS3_modB","pRPS3-mCherry","pRPS3","mCherry","PGK1-ORF","tRPS3_modB","tRPS3","modB","BioRep4","2",-0.00499999999999901,1.0034717485095,FALSE,FALSE
"pRPS3-mCherry-tRPS3_modB","pRPS3-mCherry","pRPS3","mCherry","PGK1-ORF","tRPS3_modB","tRPS3","modB","BioRep5","2",0.0649999999999995,0.955945317593742,FALSE,FALSE
"pRPS3-mCherry-tRPS3_modB","pRPS3-mCherry","pRPS3","mCherry","PGK1-ORF","tRPS3_modB","tRPS3","modB","BioRep6","2",0.175000000000001,0.88576751910236,FALSE,FALSE
"pRPS3-mCherry-tRPS3_modB","pRPS3-mCherry","pRPS3","mCherry","RPS3-ORF","tRPS3_modB","tRPS3","modB","BioRep1","1",0.0449999999999999,0.969289816935065,FALSE,FALSE
"pRPS3-mCherry-tRPS3_modB","pRPS3-mCherry","pRPS3","mCherry","RPS3-ORF","tRPS3_modB","tRPS3","modB","BioRep2","1",0.234999999999999,0.849684999138651,FALSE,FALSE
"pRPS3-mCherry-tRPS3_modB","pRPS3-mCherry","pRPS3","mCherry","RPS3-ORF","tRPS3_modB","tRPS3","modB","BioRep3","1",-0.279999999999999,1.21419488439505,FALSE,FALSE
"pRPS3-mCherry-tRPS3_modB","pRPS3-mCherry","pRPS3","mCherry","RPS3-ORF","tRPS3_modB","tRPS3","modB","BioRep4","2",0.00500000000000078,0.996540262827867,FALSE,FALSE
"pRPS3-mCherry-tRPS3_modB","pRPS3-mCherry","pRPS3","mCherry","RPS3-ORF","tRPS3_modB","tRPS3","modB","BioRep5","2",-0.0649999999999995,1.04608493979253,FALSE,FALSE
"pRPS3-mCherry-tRPS3_modB","pRPS3-mCherry","pRPS3","mCherry","RPS3-ORF","tRPS3_modB","tRPS3","modB","BioRep6","2",-0.174999999999999,1.12896440480613,FALSE,FALSE
"pRPS3-mCherry-tRPS3_modB","pRPS3-mCherry","pRPS3","mCherry","URA3-ORF","tRPS3_modB","tRPS3","modB","BioRep1","1",0.994999999999999,0.501735874254752,FALSE,FALSE
"pRPS3-mCherry-tRPS3_modB","pRPS3-mCherry","pRPS3","mCherry","URA3-ORF","tRPS3_modB","tRPS3","modB","BioRep2","1",1.205,0.433769343576034,FALSE,FALSE
"pRPS3-mCherry-tRPS3_modB","pRPS3-mCherry","pRPS3","mCherry","URA3-ORF","tRPS3_modB","tRPS3","modB","BioRep3","1",1.13,0.456915725114701,FALSE,FALSE
"pRPS3-mCherry-tRPS3_modB","pRPS3-mCherry","pRPS3","mCherry","URA3-ORF","tRPS3_modB","tRPS3","modB","BioRep4","2",0.355,0.781869643128593,FALSE,FALSE
"pRPS3-mCherry-tRPS3_modB","pRPS3-mCherry","pRPS3","mCherry","URA3-ORF","tRPS3_modB","tRPS3","modB","BioRep5","2",0.365,0.77646887500104,FALSE,FALSE
"pRPS3-mCherry-tRPS3_modB","pRPS3-mCherry","pRPS3","mCherry","URA3-ORF","tRPS3_modB","tRPS3","modB","BioRep6","2",0.625,0.648419777325505,FALSE,FALSE
"pRPS3-mCherry-tRPS3_modC","pRPS3-mCherry","pRPS3","mCherry","mCh-7","tRPS3_modC","tRPS3","modC","BioRep1","1",-0.279999999999999,1.21419488439505,FALSE,FALSE
"pRPS3-mCherry-tRPS3_modC","pRPS3-mCherry","pRPS3","mCherry","mCh-7","tRPS3_modC","tRPS3","modC","BioRep2","1",-0.415000000000001,1.3332986770912,FALSE,FALSE
"pRPS3-mCherry-tRPS3_modC","pRPS3-mCherry","pRPS3","mCherry","mCh-7","tRPS3_modC","tRPS3","modC","BioRep3","1",-0.385000000000002,1.30585978708892,FALSE,FALSE
"pRPS3-mCherry-tRPS3_modC","pRPS3-mCherry","pRPS3","mCherry","mCh-7","tRPS3_modC","tRPS3","modC","BioRep4","2",-0.935,1.91189063518748,FALSE,FALSE
"pRPS3-mCherry-tRPS3_modC","pRPS3-mCherry","pRPS3","mCherry","mCh-7","tRPS3_modC","tRPS3","modC","BioRep5","2",-1.75,3.36358566101486,FALSE,FALSE
"pRPS3-mCherry-tRPS3_modC","pRPS3-mCherry","pRPS3","mCherry","mCh-7","tRPS3_modC","tRPS3","modC","BioRep6","2",-2.305,4.94167454850772,FALSE,FALSE
"pRPS3-mCherry-tRPS3_modC","pRPS3-mCherry","pRPS3","mCherry","PGK1-ORF","tRPS3_modC","tRPS3","modC","BioRep1","1",0.23,0.852634891767956,FALSE,FALSE
"pRPS3-mCherry-tRPS3_modC","pRPS3-mCherry","pRPS3","mCherry","PGK1-ORF","tRPS3_modC","tRPS3","modC","BioRep2","1",0.174999999999999,0.885767519102361,FALSE,FALSE
"pRPS3-mCherry-tRPS3_modC","pRPS3-mCherry","pRPS3","mCherry","PGK1-ORF","tRPS3_modC","tRPS3","modC","BioRep3","1",0.0849999999999991,0.94278453591824,FALSE,FALSE
"pRPS3-mCherry-tRPS3_modC","pRPS3-mCherry","pRPS3","mCherry","PGK1-ORF","tRPS3_modC","tRPS3","modC","BioRep4","2",0.154999999999999,0.898132372883935,FALSE,FALSE
"pRPS3-mCherry-tRPS3_modC","pRPS3-mCherry","pRPS3","mCherry","PGK1-ORF","tRPS3_modC","tRPS3","modC","BioRep5","2",0,1,FALSE,FALSE
"pRPS3-mCherry-tRPS3_modC","pRPS3-mCherry","pRPS3","mCherry","PGK1-ORF","tRPS3_modC","tRPS3","modC","BioRep6","2",-0.455,1.3707828049797,FALSE,FALSE
"pRPS3-mCherry-tRPS3_modC","pRPS3-mCherry","pRPS3","mCherry","RPS3-ORF","tRPS3_modC","tRPS3","modC","BioRep1","1",-0.23,1.17283494923188,FALSE,FALSE
"pRPS3-mCherry-tRPS3_modC","pRPS3-mCherry","pRPS3","mCherry","RPS3-ORF","tRPS3_modC","tRPS3","modC","BioRep2","1",-0.175000000000001,1.12896440480613,FALSE,FALSE
"pRPS3-mCherry-tRPS3_modC","pRPS3-mCherry","pRPS3","mCherry","RPS3-ORF","tRPS3_modC","tRPS3","modC","BioRep3","1",-0.0850000000000009,1.06068774136822,FALSE,FALSE
"pRPS3-mCherry-tRPS3_modC","pRPS3-mCherry","pRPS3","mCherry","RPS3-ORF","tRPS3_modC","tRPS3","modC","BioRep4","2",-0.154999999999999,1.11342161822869,FALSE,FALSE
"pRPS3-mCherry-tRPS3_modC","pRPS3-mCherry","pRPS3","mCherry","RPS3-ORF","tRPS3_modC","tRPS3","modC","BioRep5","2",0,1,FALSE,FALSE
"pRPS3-mCherry-tRPS3_modC","pRPS3-mCherry","pRPS3","mCherry","RPS3-ORF","tRPS3_modC","tRPS3","modC","BioRep6","2",0.475,0.71946679000541,FALSE,FALSE
"pRPS3-mCherry-tRPS3_modC","pRPS3-mCherry","pRPS3","mCherry","URA3-ORF","tRPS3_modC","tRPS3","modC","BioRep1","1",0.73,0.60290391384538,FALSE,FALSE
"pRPS3-mCherry-tRPS3_modC","pRPS3-mCherry","pRPS3","mCherry","URA3-ORF","tRPS3_modC","tRPS3","modC","BioRep2","1",0.734999999999999,0.600818024763426,FALSE,FALSE
"pRPS3-mCherry-tRPS3_modC","pRPS3-mCherry","pRPS3","mCherry","URA3-ORF","tRPS3_modC","tRPS3","modC","BioRep3","1",0.814999999999998,0.568408486618008,FALSE,FALSE
"pRPS3-mCherry-tRPS3_modC","pRPS3-mCherry","pRPS3","mCherry","URA3-ORF","tRPS3_modC","tRPS3","modC","BioRep4","2",0.435,0.739693754624418,FALSE,FALSE
"pRPS3-mCherry-tRPS3_modC","pRPS3-mCherry","pRPS3","mCherry","URA3-ORF","tRPS3_modC","tRPS3","modC","BioRep5","2",0.0899999999999999,0.939522749214012,FALSE,FALSE
"pRPS3-mCherry-tRPS3_modC","pRPS3-mCherry","pRPS3","mCherry","URA3-ORF","tRPS3_modC","tRPS3","modC","BioRep6","2",0.154999999999999,0.898132372883935,FALSE,FALSE
"pRPS3-mCherry-tRPS3_modD","pRPS3-mCherry","pRPS3","mCherry","mCh-7","tRPS3_modD","tRPS3","modD","BioRep1","1",0.139999999999999,0.907519155317162,FALSE,FALSE
"pRPS3-mCherry-tRPS3_modD","pRPS3-mCherry","pRPS3","mCherry","mCh-7","tRPS3_modD","tRPS3","modD","BioRep2","1",0.414999999999999,0.75001949464291,FALSE,FALSE
"pRPS3-mCherry-tRPS3_modD","pRPS3-mCherry","pRPS3","mCherry","mCh-7","tRPS3_modD","tRPS3","modD","BioRep3","1",-0.0249999999999986,1.01747969210269,FALSE,FALSE
"pRPS3-mCherry-tRPS3_modD","pRPS3-mCherry","pRPS3","mCherry","mCh-7","tRPS3_modD","tRPS3","modD","BioRep4","2",-0.914999999999999,1.88556907183648,FALSE,FALSE
"pRPS3-mCherry-tRPS3_modD","pRPS3-mCherry","pRPS3","mCherry","mCh-7","tRPS3_modD","tRPS3","modD","BioRep5","2",-0.620000000000001,1.53687518128801,FALSE,FALSE
"pRPS3-mCherry-tRPS3_modD","pRPS3-mCherry","pRPS3","mCherry","mCh-7","tRPS3_modD","tRPS3","modD","BioRep6","2",-0.77,1.70526978353591,FALSE,FALSE
"pRPS3-mCherry-tRPS3_modD","pRPS3-mCherry","pRPS3","mCherry","PGK1-ORF","tRPS3_modD","tRPS3","modD","BioRep1","1",-0.0600000000000005,1.04246576084112,FALSE,FALSE
"pRPS3-mCherry-tRPS3_modD","pRPS3-mCherry","pRPS3","mCherry","PGK1-ORF","tRPS3_modD","tRPS3","modD","BioRep2","1",-0.315,1.24401165329847,FALSE,FALSE
"pRPS3-mCherry-tRPS3_modD","pRPS3-mCherry","pRPS3","mCherry","PGK1-ORF","tRPS3_modD","tRPS3","modD","BioRep3","1",-0.244999999999999,1.18509277094158,FALSE,FALSE
"pRPS3-mCherry-tRPS3_modD","pRPS3-mCherry","pRPS3","mCherry","PGK1-ORF","tRPS3_modD","tRPS3","modD","BioRep4","2",-0.305,1.23541863712693,FALSE,FALSE
"pRPS3-mCherry-tRPS3_modD","pRPS3-mCherry","pRPS3","mCherry","PGK1-ORF","tRPS3_modD","tRPS3","modD","BioRep5","2",-0.15,1.10956947206785,FALSE,FALSE
"pRPS3-mCherry-tRPS3_modD","pRPS3-mCherry","pRPS3","mCherry","PGK1-ORF","tRPS3_modD","tRPS3","modD","BioRep6","2",-0.0599999999999987,1.04246576084112,FALSE,FALSE
"pRPS3-mCherry-tRPS3_modD","pRPS3-mCherry","pRPS3","mCherry","RPS3-ORF","tRPS3_modD","tRPS3","modD","BioRep1","1",0.139999999999999,0.907519155317162,FALSE,FALSE
"pRPS3-mCherry-tRPS3_modD","pRPS3-mCherry","pRPS3","mCherry","RPS3-ORF","tRPS3_modD","tRPS3","modD","BioRep2","1",0.355,0.781869643128593,FALSE,FALSE
"pRPS3-mCherry-tRPS3_modD","pRPS3-mCherry","pRPS3","mCherry","RPS3-ORF","tRPS3_modD","tRPS3","modD","BioRep3","1",0.00500000000000078,0.996540262827867,FALSE,FALSE
"pRPS3-mCherry-tRPS3_modD","pRPS3-mCherry","pRPS3","mCherry","RPS3-ORF","tRPS3_modD","tRPS3","modD","BioRep4","2",0.245000000000001,0.843815796130017,FALSE,FALSE
"pRPS3-mCherry-tRPS3_modD","pRPS3-mCherry","pRPS3","mCherry","RPS3-ORF","tRPS3_modD","tRPS3","modD","BioRep5","2",0.0199999999999996,0.986232704493359,FALSE,FALSE
"pRPS3-mCherry-tRPS3_modD","pRPS3-mCherry","pRPS3","mCherry","RPS3-ORF","tRPS3_modD","tRPS3","modD","BioRep6","2",0.0300000000000011,0.979420297586926,FALSE,FALSE
"pRPS3-mCherry-tRPS3_modD","pRPS3-mCherry","pRPS3","mCherry","URA3-ORF","tRPS3_modD","tRPS3","modD","BioRep1","1",0.59,0.664342907048256,FALSE,FALSE
"pRPS3-mCherry-tRPS3_modD","pRPS3-mCherry","pRPS3","mCherry","URA3-ORF","tRPS3_modD","tRPS3","modD","BioRep2","1",1.165,0.445964259710047,FALSE,FALSE
"pRPS3-mCherry-tRPS3_modD","pRPS3-mCherry","pRPS3","mCherry","URA3-ORF","tRPS3_modD","tRPS3","modD","BioRep3","1",0.985000000000001,0.505225723243381,FALSE,FALSE
"pRPS3-mCherry-tRPS3_modD","pRPS3-mCherry","pRPS3","mCherry","URA3-ORF","tRPS3_modD","tRPS3","modD","BioRep4","2",0.335000000000001,0.792784136610284,FALSE,FALSE
"pRPS3-mCherry-tRPS3_modD","pRPS3-mCherry","pRPS3","mCherry","URA3-ORF","tRPS3_modD","tRPS3","modD","BioRep5","2",0.209999999999999,0.864537231307866,FALSE,FALSE
"pRPS3-mCherry-tRPS3_modD","pRPS3-mCherry","pRPS3","mCherry","URA3-ORF","tRPS3_modD","tRPS3","modD","BioRep6","2",0.120000000000001,0.920187650624874,FALSE,FALSE
"pRPS3-mCherry-tRPS3_modE","pRPS3-mCherry","pRPS3","mCherry","mCh-7","tRPS3_modE","tRPS3","modE","BioRep1","1",1.315,0.401925495371576,FALSE,FALSE
"pRPS3-mCherry-tRPS3_modE","pRPS3-mCherry","pRPS3","mCherry","mCh-7","tRPS3_modE","tRPS3","modE","BioRep2","1",1.125,0.458502021602335,FALSE,FALSE
"pRPS3-mCherry-tRPS3_modE","pRPS3-mCherry","pRPS3","mCherry","mCh-7","tRPS3_modE","tRPS3","modE","BioRep3","1",1.625,0.324209888662752,FALSE,FALSE
"pRPS3-mCherry-tRPS3_modE","pRPS3-mCherry","pRPS3","mCherry","mCh-7","tRPS3_modE","tRPS3","modE","BioRep4","2",1,0.5,FALSE,FALSE
"pRPS3-mCherry-tRPS3_modE","pRPS3-mCherry","pRPS3","mCherry","mCh-7","tRPS3_modE","tRPS3","modE","BioRep5","2",0.0300000000000011,0.979420297586926,FALSE,FALSE
"pRPS3-mCherry-tRPS3_modE","pRPS3-mCherry","pRPS3","mCherry","mCh-7","tRPS3_modE","tRPS3","modE","BioRep6","2",0.504999999999999,0.70466037757101,FALSE,FALSE
"pRPS3-mCherry-tRPS3_modE","pRPS3-mCherry","pRPS3","mCherry","PGK1-ORF","tRPS3_modE","tRPS3","modE","BioRep1","1",-0.125,1.09050773266526,FALSE,FALSE
"pRPS3-mCherry-tRPS3_modE","pRPS3-mCherry","pRPS3","mCherry","PGK1-ORF","tRPS3_modE","tRPS3","modE","BioRep2","1",-0.0149999999999988,1.01045144648676,FALSE,FALSE
"pRPS3-mCherry-tRPS3_modE","pRPS3-mCherry","pRPS3","mCherry","PGK1-ORF","tRPS3_modE","tRPS3","modE","BioRep3","1",-0.165000000000001,1.12116607802851,FALSE,FALSE
"pRPS3-mCherry-tRPS3_modE","pRPS3-mCherry","pRPS3","mCherry","PGK1-ORF","tRPS3_modE","tRPS3","modE","BioRep4","2",-0.0599999999999987,1.04246576084112,FALSE,FALSE
"pRPS3-mCherry-tRPS3_modE","pRPS3-mCherry","pRPS3","mCherry","PGK1-ORF","tRPS3_modE","tRPS3","modE","BioRep5","2",-0.0399999999999991,1.02811382665607,FALSE,FALSE
"pRPS3-mCherry-tRPS3_modE","pRPS3-mCherry","pRPS3","mCherry","PGK1-ORF","tRPS3_modE","tRPS3","modE","BioRep6","2",-0.0350000000000001,1.0245568230328,FALSE,FALSE
"pRPS3-mCherry-tRPS3_modE","pRPS3-mCherry","pRPS3","mCherry","RPS3-ORF","tRPS3_modE","tRPS3","modE","BioRep1","1",0.175000000000001,0.88576751910236,FALSE,FALSE
"pRPS3-mCherry-tRPS3_modE","pRPS3-mCherry","pRPS3","mCherry","RPS3-ORF","tRPS3_modE","tRPS3","modE","BioRep2","1",0.0150000000000006,0.989656656415207,FALSE,FALSE
"pRPS3-mCherry-tRPS3_modE","pRPS3-mCherry","pRPS3","mCherry","RPS3-ORF","tRPS3_modE","tRPS3","modE","BioRep3","1",0.0749999999999993,0.94934212095052,FALSE,FALSE
"pRPS3-mCherry-tRPS3_modE","pRPS3-mCherry","pRPS3","mCherry","RPS3-ORF","tRPS3_modE","tRPS3","modE","BioRep4","2",0.0600000000000005,0.959264119325264,FALSE,FALSE
"pRPS3-mCherry-tRPS3_modE","pRPS3-mCherry","pRPS3","mCherry","RPS3-ORF","tRPS3_modE","tRPS3","modE","BioRep5","2",0.100000000000001,0.933032991536807,FALSE,FALSE
"pRPS3-mCherry-tRPS3_modE","pRPS3-mCherry","pRPS3","mCherry","RPS3-ORF","tRPS3_modE","tRPS3","modE","BioRep6","2",0.234999999999999,0.849684999138651,FALSE,FALSE
"pRPS3-mCherry-tRPS3_modE","pRPS3-mCherry","pRPS3","mCherry","URA3-ORF","tRPS3_modE","tRPS3","modE","BioRep1","1",1.075,0.47467106047526,FALSE,FALSE
"pRPS3-mCherry-tRPS3_modE","pRPS3-mCherry","pRPS3","mCherry","URA3-ORF","tRPS3_modE","tRPS3","modE","BioRep2","1",2.025,0.245705149636313,FALSE,FALSE
"pRPS3-mCherry-tRPS3_modE","pRPS3-mCherry","pRPS3","mCherry","URA3-ORF","tRPS3_modE","tRPS3","modE","BioRep3","1",1.005,0.498270131413934,FALSE,FALSE
"pRPS3-mCherry-tRPS3_modE","pRPS3-mCherry","pRPS3","mCherry","URA3-ORF","tRPS3_modE","tRPS3","modE","BioRep4","2",0.460000000000001,0.726986258660155,FALSE,FALSE
"pRPS3-mCherry-tRPS3_modE","pRPS3-mCherry","pRPS3","mCherry","URA3-ORF","tRPS3_modE","tRPS3","modE","BioRep5","2",0.0300000000000011,0.979420297586926,FALSE,FALSE
"pRPS3-mCherry-tRPS3_modE","pRPS3-mCherry","pRPS3","mCherry","URA3-ORF","tRPS3_modE","tRPS3","modE","BioRep6","2",0.484999999999999,0.714497069870547,FALSE,FALSE
"pRPS3-mCherry-tRPS3_WT","pRPS3-mCherry","pRPS3","mCherry","mCh-7","tRPS3_WT","tRPS3","WT","BioRep1","1",-0.685,1.6077019814863,FALSE,FALSE
"pRPS3-mCherry-tRPS3_WT","pRPS3-mCherry","pRPS3","mCherry","mCh-7","tRPS3_WT","tRPS3","WT","BioRep2","1",-0.795,1.73507737430414,FALSE,FALSE
"pRPS3-mCherry-tRPS3_WT","pRPS3-mCherry","pRPS3","mCherry","mCh-7","tRPS3_WT","tRPS3","WT","BioRep3","1",-1.07,2.09943336724613,FALSE,FALSE
"pRPS3-mCherry-tRPS3_WT","pRPS3-mCherry","pRPS3","mCherry","mCh-7","tRPS3_WT","tRPS3","WT","BioRep4","2",-1.795,3.47015474860827,FALSE,FALSE
"pRPS3-mCherry-tRPS3_WT","pRPS3-mCherry","pRPS3","mCherry","mCh-7","tRPS3_WT","tRPS3","WT","BioRep5","2",-1.61,3.05251841792112,FALSE,FALSE
"pRPS3-mCherry-tRPS3_WT","pRPS3-mCherry","pRPS3","mCherry","mCh-7","tRPS3_WT","tRPS3","WT","BioRep6","2",-1.825,3.54307007640944,FALSE,FALSE
"pRPS3-mCherry-tRPS3_WT","pRPS3-mCherry","pRPS3","mCherry","PGK1-ORF","tRPS3_WT","tRPS3","WT","BioRep1","1",0.404999999999999,0.755236292781413,FALSE,FALSE
"pRPS3-mCherry-tRPS3_WT","pRPS3-mCherry","pRPS3","mCherry","PGK1-ORF","tRPS3_WT","tRPS3","WT","BioRep2","1",0.185,0.879649075922435,FALSE,FALSE
"pRPS3-mCherry-tRPS3_WT","pRPS3-mCherry","pRPS3","mCherry","PGK1-ORF","tRPS3_WT","tRPS3","WT","BioRep3","1",0,1,FALSE,FALSE
"pRPS3-mCherry-tRPS3_WT","pRPS3-mCherry","pRPS3","mCherry","PGK1-ORF","tRPS3_WT","tRPS3","WT","BioRep4","2",-0.0349999999999984,1.0245568230328,FALSE,FALSE
"pRPS3-mCherry-tRPS3_WT","pRPS3-mCherry","pRPS3","mCherry","PGK1-ORF","tRPS3_WT","tRPS3","WT","BioRep5","2",-0.00999999999999979,1.00695555005672,FALSE,FALSE
"pRPS3-mCherry-tRPS3_WT","pRPS3-mCherry","pRPS3","mCherry","PGK1-ORF","tRPS3_WT","tRPS3","WT","BioRep6","2",-0.0749999999999993,1.05336103595484,FALSE,FALSE
"pRPS3-mCherry-tRPS3_WT","pRPS3-mCherry","pRPS3","mCherry","RPS3-ORF","tRPS3_WT","tRPS3","WT","BioRep1","1",-0.115,1.08297504552592,FALSE,FALSE
"pRPS3-mCherry-tRPS3_WT","pRPS3-mCherry","pRPS3","mCherry","RPS3-ORF","tRPS3_WT","tRPS3","WT","BioRep2","1",-0.135,1.09809281378705,FALSE,FALSE
"pRPS3-mCherry-tRPS3_WT","pRPS3-mCherry","pRPS3","mCherry","RPS3-ORF","tRPS3_WT","tRPS3","WT","BioRep3","1",0,1,FALSE,FALSE
"pRPS3-mCherry-tRPS3_WT","pRPS3-mCherry","pRPS3","mCherry","RPS3-ORF","tRPS3_WT","tRPS3","WT","BioRep4","2",0.0350000000000001,0.976031760776225,FALSE,FALSE
"pRPS3-mCherry-tRPS3_WT","pRPS3-mCherry","pRPS3","mCherry","RPS3-ORF","tRPS3_WT","tRPS3","WT","BioRep5","2",0.17,0.88884268116657,FALSE,FALSE
"pRPS3-mCherry-tRPS3_WT","pRPS3-mCherry","pRPS3","mCherry","RPS3-ORF","tRPS3_WT","tRPS3","WT","BioRep6","2",0.0250000000000004,0.982820598545251,FALSE,FALSE
"pRPS3-mCherry-tRPS3_WT","pRPS3-mCherry","pRPS3","mCherry","URA3-ORF","tRPS3_WT","tRPS3","WT","BioRep1","1",1.035,0.488015880388112,FALSE,FALSE
"pRPS3-mCherry-tRPS3_WT","pRPS3-mCherry","pRPS3","mCherry","URA3-ORF","tRPS3_WT","tRPS3","WT","BioRep2","1",0.574999999999999,0.671286251390132,FALSE,FALSE
"pRPS3-mCherry-tRPS3_WT","pRPS3-mCherry","pRPS3","mCherry","URA3-ORF","tRPS3_WT","tRPS3","WT","BioRep3","1",0.42,0.747424624317469,FALSE,FALSE
"pRPS3-mCherry-tRPS3_WT","pRPS3-mCherry","pRPS3","mCherry","URA3-ORF","tRPS3_WT","tRPS3","WT","BioRep4","2",-0.0849999999999991,1.06068774136822,FALSE,FALSE
"pRPS3-mCherry-tRPS3_WT","pRPS3-mCherry","pRPS3","mCherry","URA3-ORF","tRPS3_WT","tRPS3","WT","BioRep5","2",-0.0700000000000003,1.04971668362307,FALSE,FALSE
"pRPS3-mCherry-tRPS3_WT","pRPS3-mCherry","pRPS3","mCherry","URA3-ORF","tRPS3_WT","tRPS3","WT","BioRep6","2",0.0849999999999991,0.94278453591824,FALSE,FALSE
