"strain","promoter","mCherry","UTR3","target_id","bio_rep","deltacq","rel_abund_deltacq","na.rm"
"pPGK1-mCherry-tCLN2","pPGK1","mCherry","tCLN2","mCh-7","bio_rep1",-1.11888888888889,2.17179644236109,FALSE
"pPGK1-mCherry-tCLN2","pPGK1","mCherry","tCLN2","mCh-7","bio_rep2",-1.52777777777778,2.88341356871586,FALSE
"pPGK1-mCherry-tCLN2","pPGK1","mCherry","tCLN2","mCh-7","bio_rep3",-1.27444444444444,2.4190564645193,FALSE
"pPGK1-mCherry-tCLN2","pPGK1","mCherry","tCLN2","PGK1-ORF","bio_rep1",-0.258888888888889,1.19655680524015,FALSE
"pPGK1-mCherry-tCLN2","pPGK1","mCherry","tCLN2","PGK1-ORF","bio_rep2",-0.107777777777779,1.07756715167467,FALSE
"pPGK1-mCherry-tCLN2","pPGK1","mCherry","tCLN2","PGK1-ORF","bio_rep3",-0.234444444444444,1.17645361914218,FALSE
"pPGK1-mCherry-tCLN2","pPGK1","mCherry","tCLN2","RPS3-ORF","bio_rep1",0.771111111111111,0.585966011133987,FALSE
"pPGK1-mCherry-tCLN2","pPGK1","mCherry","tCLN2","RPS3-ORF","bio_rep2",0.582222222222223,0.667934147566207,FALSE
"pPGK1-mCherry-tCLN2","pPGK1","mCherry","tCLN2","RPS3-ORF","bio_rep3",0.375555555555556,0.770808531234609,FALSE
"pPGK1-mCherry-tCLN2","pPGK1","mCherry","tCLN2","URA3-ORF","bio_rep1",-0.328888888888889,1.25604564136331,FALSE
"pPGK1-mCherry-tCLN2","pPGK1","mCherry","tCLN2","URA3-ORF","bio_rep2",-0.257777777777777,1.19563561560132,FALSE
"pPGK1-mCherry-tCLN2","pPGK1","mCherry","tCLN2","URA3-ORF","bio_rep3",-0.154444444444444,1.11299294240747,FALSE
"pPGK1-mCherry-tHSP26","pPGK1","mCherry","tHSP26","mCh-7","bio_rep1",-1.06111111111111,2.08653787841032,FALSE
"pPGK1-mCherry-tHSP26","pPGK1","mCherry","tHSP26","mCh-7","bio_rep2",-1.36888888888889,2.5827157815934,FALSE
"pPGK1-mCherry-tHSP26","pPGK1","mCherry","tHSP26","mCh-7","bio_rep3",-0.92,1.89211529345119,FALSE
"pPGK1-mCherry-tHSP26","pPGK1","mCherry","tHSP26","PGK1-ORF","bio_rep1",-0.441111111111111,1.35764953707018,FALSE
"pPGK1-mCherry-tHSP26","pPGK1","mCherry","tHSP26","PGK1-ORF","bio_rep2",-0.318888888888889,1.2473695003643,FALSE
"pPGK1-mCherry-tHSP26","pPGK1","mCherry","tHSP26","PGK1-ORF","bio_rep3",-0.25,1.18920711500272,FALSE
"pPGK1-mCherry-tHSP26","pPGK1","mCherry","tHSP26","RPS3-ORF","bio_rep1",0.61888888888889,0.65117224376499,FALSE
"pPGK1-mCherry-tHSP26","pPGK1","mCherry","tHSP26","RPS3-ORF","bio_rep2",0.661111111111111,0.632391064847666,FALSE
"pPGK1-mCherry-tHSP26","pPGK1","mCherry","tHSP26","RPS3-ORF","bio_rep3",0.16,0.895025070927972,FALSE
"pPGK1-mCherry-tHSP26","pPGK1","mCherry","tHSP26","URA3-ORF","bio_rep1",-0.141111111111112,1.10275408989719,FALSE
"pPGK1-mCherry-tHSP26","pPGK1","mCherry","tHSP26","URA3-ORF","bio_rep2",-0.378888888888888,1.30033999524728,FALSE
"pPGK1-mCherry-tHSP26","pPGK1","mCherry","tHSP26","URA3-ORF","bio_rep3",-0.0899999999999999,1.06437018245336,FALSE
"pPGK1-mCherry-tPAB1","pPGK1","mCherry","tPAB1","mCh-7","bio_rep1",-0.777777777777779,1.71448796570615,FALSE
"pPGK1-mCherry-tPAB1","pPGK1","mCherry","tPAB1","mCh-7","bio_rep2",-1.10777777777778,2.15513430334935,FALSE
"pPGK1-mCherry-tPAB1","pPGK1","mCherry","tPAB1","mCh-7","bio_rep3",-0.776666666666667,1.71316803794091,FALSE
"pPGK1-mCherry-tPAB1","pPGK1","mCherry","tPAB1","PGK1-ORF","bio_rep1",-0.607777777777779,1.52391008026607,FALSE
"pPGK1-mCherry-tPAB1","pPGK1","mCherry","tPAB1","PGK1-ORF","bio_rep2",-0.107777777777779,1.07756715167467,FALSE
"pPGK1-mCherry-tPAB1","pPGK1","mCherry","tPAB1","PGK1-ORF","bio_rep3",-0.226666666666668,1.17012825320612,FALSE
"pPGK1-mCherry-tPAB1","pPGK1","mCherry","tPAB1","RPS3-ORF","bio_rep1",0.742222222222221,0.59781780780066,FALSE
"pPGK1-mCherry-tPAB1","pPGK1","mCherry","tPAB1","RPS3-ORF","bio_rep2",0.422222222222222,0.746274232154955,FALSE
"pPGK1-mCherry-tPAB1","pPGK1","mCherry","tPAB1","RPS3-ORF","bio_rep3",0.233333333333333,0.850667160950856,FALSE
"pPGK1-mCherry-tPAB1","pPGK1","mCherry","tPAB1","URA3-ORF","bio_rep1",-0.357777777777779,1.28145052366474,FALSE
"pPGK1-mCherry-tPAB1","pPGK1","mCherry","tPAB1","URA3-ORF","bio_rep2",-0.137777777777778,1.1002091281236,FALSE
"pPGK1-mCherry-tPAB1","pPGK1","mCherry","tPAB1","URA3-ORF","bio_rep3",-0.0366666666666671,1.02574112143402,FALSE
"pPGK1-mCherry-tPGK1","pPGK1","mCherry","tPGK1","mCh-7","bio_rep1",-0.852222222222222,1.80527950559862,FALSE
"pPGK1-mCherry-tPGK1","pPGK1","mCherry","tPGK1","mCh-7","bio_rep2",-0.00111111111111128,1.00077046018604,FALSE
"pPGK1-mCherry-tPGK1","pPGK1","mCherry","tPGK1","mCh-7","bio_rep3",-0.405555555555555,1.32459889107848,FALSE
"pPGK1-mCherry-tPGK1","pPGK1","mCherry","tPGK1","PGK1-ORF","bio_rep1",-0.662222222222221,1.58251834318233,FALSE
"pPGK1-mCherry-tPGK1","pPGK1","mCherry","tPGK1","PGK1-ORF","bio_rep2",0.348888888888888,0.785188588706782,FALSE
"pPGK1-mCherry-tPGK1","pPGK1","mCherry","tPGK1","PGK1-ORF","bio_rep3",-0.185555555555554,1.13725482502376,FALSE
"pPGK1-mCherry-tPGK1","pPGK1","mCherry","tPGK1","RPS3-ORF","bio_rep1",0.947777777777778,0.51843039959775,FALSE
"pPGK1-mCherry-tPGK1","pPGK1","mCherry","tPGK1","RPS3-ORF","bio_rep2",0.308888888888889,0.807263244582006,FALSE
"pPGK1-mCherry-tPGK1","pPGK1","mCherry","tPGK1","RPS3-ORF","bio_rep3",0.234444444444446,0.85001226034661,FALSE
"pPGK1-mCherry-tPGK1","pPGK1","mCherry","tPGK1","URA3-ORF","bio_rep1",-0.112222222222222,1.08089188191967,FALSE
"pPGK1-mCherry-tPGK1","pPGK1","mCherry","tPGK1","URA3-ORF","bio_rep2",-0.571111111111112,1.48566733693546,FALSE
"pPGK1-mCherry-tPGK1","pPGK1","mCherry","tPGK1","URA3-ORF","bio_rep3",-0.0855555555555547,1.06109627153158,FALSE
"pPGK1-mCherry-tPMA1","pPGK1","mCherry","tPMA1","mCh-7","bio_rep1",0.094444444444445,0.936632858233772,FALSE
"pPGK1-mCherry-tPMA1","pPGK1","mCherry","tPMA1","mCh-7","bio_rep2",-0.125555555555556,1.09092774817482,FALSE
"pPGK1-mCherry-tPMA1","pPGK1","mCherry","tPMA1","mCh-7","bio_rep3",-0.0244444444444447,1.0170879546553,FALSE
"pPGK1-mCherry-tPMA1","pPGK1","mCherry","tPMA1","PGK1-ORF","bio_rep1",-0.755555555555555,1.68828159355938,FALSE
"pPGK1-mCherry-tPMA1","pPGK1","mCherry","tPMA1","PGK1-ORF","bio_rep2",-0.465555555555556,1.38084899079743,FALSE
"pPGK1-mCherry-tPMA1","pPGK1","mCherry","tPMA1","PGK1-ORF","bio_rep3",-0.274444444444445,1.20952823225965,FALSE
"pPGK1-mCherry-tPMA1","pPGK1","mCherry","tPMA1","RPS3-ORF","bio_rep1",0.314444444444444,0.80416059871142,FALSE
"pPGK1-mCherry-tPMA1","pPGK1","mCherry","tPMA1","RPS3-ORF","bio_rep2",0.0344444444444445,0.976407685187464,FALSE
"pPGK1-mCherry-tPMA1","pPGK1","mCherry","tPMA1","RPS3-ORF","bio_rep3",0.0755555555555567,0.948976616988089,FALSE
"pPGK1-mCherry-tPMA1","pPGK1","mCherry","tPMA1","URA3-ORF","bio_rep1",0.224444444444444,0.855924563172277,FALSE
"pPGK1-mCherry-tPMA1","pPGK1","mCherry","tPMA1","URA3-ORF","bio_rep2",0.314444444444446,0.804160598711419,FALSE
"pPGK1-mCherry-tPMA1","pPGK1","mCherry","tPMA1","URA3-ORF","bio_rep3",0.325555555555557,0.797991035384881,FALSE
"pPGK1-mCherry-tRPS13","pPGK1","mCherry","tRPS13","mCh-7","bio_rep1",-0.726666666666667,1.65481124540003,FALSE
"pPGK1-mCherry-tRPS13","pPGK1","mCherry","tRPS13","mCh-7","bio_rep2",-0.792222222222222,1.73173985507401,FALSE
"pPGK1-mCherry-tRPS13","pPGK1","mCherry","tRPS13","mCh-7","bio_rep3",-0.572222222222223,1.48681198446827,FALSE
"pPGK1-mCherry-tRPS13","pPGK1","mCherry","tRPS13","PGK1-ORF","bio_rep1",-0.676666666666666,1.59844229944525,FALSE
"pPGK1-mCherry-tRPS13","pPGK1","mCherry","tRPS13","PGK1-ORF","bio_rep2",-0.242222222222221,1.18281317812856,FALSE
"pPGK1-mCherry-tRPS13","pPGK1","mCherry","tRPS13","PGK1-ORF","bio_rep3",-0.102222222222222,1.07342561631324,FALSE
"pPGK1-mCherry-tRPS13","pPGK1","mCherry","tRPS13","RPS3-ORF","bio_rep1",0.823333333333334,0.565134694636578,FALSE
"pPGK1-mCherry-tRPS13","pPGK1","mCherry","tRPS13","RPS3-ORF","bio_rep2",0.457777777777778,0.728106918141862,FALSE
"pPGK1-mCherry-tRPS13","pPGK1","mCherry","tRPS13","RPS3-ORF","bio_rep3",0.167777777777777,0.890212844586483,FALSE
"pPGK1-mCherry-tRPS13","pPGK1","mCherry","tRPS13","URA3-ORF","bio_rep1",-0.146666666666667,1.10700878159531,FALSE
"pPGK1-mCherry-tRPS13","pPGK1","mCherry","tRPS13","URA3-ORF","bio_rep2",-0.282222222222222,1.21606658278498,FALSE
"pPGK1-mCherry-tRPS13","pPGK1","mCherry","tRPS13","URA3-ORF","bio_rep3",-0.0522222222222233,1.0368607991955,FALSE
"pPGK1-mCherry-tRPS3","pPGK1","mCherry","tRPS3","mCh-7","bio_rep1",-0.785555555555556,1.72375597863239,FALSE
"pPGK1-mCherry-tRPS3","pPGK1","mCherry","tRPS3","mCh-7","bio_rep2",-1.28111111111111,2.43026074642314,FALSE
"pPGK1-mCherry-tRPS3","pPGK1","mCherry","tRPS3","mCh-7","bio_rep3",-0.838888888888889,1.78867204126227,FALSE
"pPGK1-mCherry-tRPS3","pPGK1","mCherry","tRPS3","PGK1-ORF","bio_rep1",-0.565555555555555,1.47995730410671,FALSE
"pPGK1-mCherry-tRPS3","pPGK1","mCherry","tRPS3","PGK1-ORF","bio_rep2",-0.301111111111112,1.23209296109867,FALSE
"pPGK1-mCherry-tRPS3","pPGK1","mCherry","tRPS3","PGK1-ORF","bio_rep3",-0.238888888888889,1.18008345411193,FALSE
"pPGK1-mCherry-tRPS3","pPGK1","mCherry","tRPS3","RPS3-ORF","bio_rep1",0.684444444444445,0.622245395875941,FALSE
"pPGK1-mCherry-tRPS3","pPGK1","mCherry","tRPS3","RPS3-ORF","bio_rep2",0.468888888888889,0.722520842739555,FALSE
"pPGK1-mCherry-tRPS3","pPGK1","mCherry","tRPS3","RPS3-ORF","bio_rep3",0.241111111111111,0.846093431060223,FALSE
"pPGK1-mCherry-tRPS3","pPGK1","mCherry","tRPS3","URA3-ORF","bio_rep1",-0.195555555555556,1.14516505788646,FALSE
"pPGK1-mCherry-tRPS3","pPGK1","mCherry","tRPS3","URA3-ORF","bio_rep2",-0.221111111111112,1.16563096732418,FALSE
"pPGK1-mCherry-tRPS3","pPGK1","mCherry","tRPS3","URA3-ORF","bio_rep3",0.0411111111111122,0.971906132432675,FALSE
"pPGK1-mCherry-tSRO9","pPGK1","mCherry","tSRO9","mCh-7","bio_rep1",-0.459999999999999,1.37554181813974,FALSE
"pPGK1-mCherry-tSRO9","pPGK1","mCherry","tSRO9","mCh-7","bio_rep2",0.0500000000000007,0.965936328924845,FALSE
"pPGK1-mCherry-tSRO9","pPGK1","mCherry","tSRO9","mCh-7","bio_rep3",-0.125555555555556,1.09092774817482,FALSE
"pPGK1-mCherry-tSRO9","pPGK1","mCherry","tSRO9","PGK1-ORF","bio_rep1",-0.539999999999999,1.45397251732031,FALSE
"pPGK1-mCherry-tSRO9","pPGK1","mCherry","tSRO9","PGK1-ORF","bio_rep2",-0.31,1.23970769993899,FALSE
"pPGK1-mCherry-tSRO9","pPGK1","mCherry","tSRO9","PGK1-ORF","bio_rep3",-0.285555555555554,1.21887954160182,FALSE
"pPGK1-mCherry-tSRO9","pPGK1","mCherry","tSRO9","RPS3-ORF","bio_rep1",0.74,0.598739352309464,FALSE
"pPGK1-mCherry-tSRO9","pPGK1","mCherry","tSRO9","RPS3-ORF","bio_rep2",0.35,0.784584097896751,FALSE
"pPGK1-mCherry-tSRO9","pPGK1","mCherry","tSRO9","RPS3-ORF","bio_rep3",0.094444444444445,0.936632858233772,FALSE
"pPGK1-mCherry-tSRO9","pPGK1","mCherry","tSRO9","URA3-ORF","bio_rep1",-0.18,1.1328838852958,FALSE
"pPGK1-mCherry-tSRO9","pPGK1","mCherry","tSRO9","URA3-ORF","bio_rep2",-0.130000000000001,1.09429370126074,FALSE
"pPGK1-mCherry-tSRO9","pPGK1","mCherry","tSRO9","URA3-ORF","bio_rep3",0.174444444444445,0.886108677706511,FALSE
"pPGK1-mCherry-tSUN4","pPGK1","mCherry","tSUN4","mCh-7","bio_rep1",-0.197777777777778,1.14693034583372,FALSE
"pPGK1-mCherry-tSUN4","pPGK1","mCherry","tSUN4","mCh-7","bio_rep2",-0.0900000000000016,1.06437018245336,FALSE
"pPGK1-mCherry-tSUN4","pPGK1","mCherry","tSUN4","mCh-7","bio_rep3",-0.276666666666666,1.21139273694007,FALSE
"pPGK1-mCherry-tSUN4","pPGK1","mCherry","tSUN4","PGK1-ORF","bio_rep1",-0.657777777777778,1.57765065318776,FALSE
"pPGK1-mCherry-tSUN4","pPGK1","mCherry","tSUN4","PGK1-ORF","bio_rep2",-0.33,1.25701337452183,FALSE
"pPGK1-mCherry-tSUN4","pPGK1","mCherry","tSUN4","PGK1-ORF","bio_rep3",-0.086666666666666,1.06191380396236,FALSE
"pPGK1-mCherry-tSUN4","pPGK1","mCherry","tSUN4","RPS3-ORF","bio_rep1",0.932222222222222,0.524050510622668,FALSE
"pPGK1-mCherry-tSUN4","pPGK1","mCherry","tSUN4","RPS3-ORF","bio_rep2",0.619999999999999,0.650670927720967,FALSE
"pPGK1-mCherry-tSUN4","pPGK1","mCherry","tSUN4","RPS3-ORF","bio_rep3",0.323333333333334,0.799221149722626,FALSE
"pPGK1-mCherry-tSUN4","pPGK1","mCherry","tSUN4","URA3-ORF","bio_rep1",-0.277777777777779,1.21232606681355,FALSE
"pPGK1-mCherry-tSUN4","pPGK1","mCherry","tSUN4","URA3-ORF","bio_rep2",-0.300000000000001,1.23114441334492,FALSE
"pPGK1-mCherry-tSUN4","pPGK1","mCherry","tSUN4","URA3-ORF","bio_rep3",-0.156666666666666,1.11470863658892,FALSE
"pPGK1-mCherry-tTOS6","pPGK1","mCherry","tTOS6","mCh-7","bio_rep1",-0.693333333333333,1.61701530431972,FALSE
"pPGK1-mCherry-tTOS6","pPGK1","mCherry","tTOS6","mCh-7","bio_rep2",-0.235555555555557,1.17736002981646,FALSE
"pPGK1-mCherry-tTOS6","pPGK1","mCherry","tTOS6","mCh-7","bio_rep3",-0.135555555555555,1.09851575073552,FALSE
"pPGK1-mCherry-tTOS6","pPGK1","mCherry","tTOS6","PGK1-ORF","bio_rep1",-0.473333333333333,1.38831345047979,FALSE
"pPGK1-mCherry-tTOS6","pPGK1","mCherry","tTOS6","PGK1-ORF","bio_rep2",-0.115555555555556,1.08339215977644,FALSE
"pPGK1-mCherry-tTOS6","pPGK1","mCherry","tTOS6","PGK1-ORF","bio_rep3",-0.195555555555554,1.14516505788645,FALSE
"pPGK1-mCherry-tTOS6","pPGK1","mCherry","tTOS6","RPS3-ORF","bio_rep1",0.596666666666666,0.66128007306127,FALSE
"pPGK1-mCherry-tTOS6","pPGK1","mCherry","tTOS6","RPS3-ORF","bio_rep2",0.204444444444444,0.86787282481367,FALSE
"pPGK1-mCherry-tTOS6","pPGK1","mCherry","tTOS6","RPS3-ORF","bio_rep3",0.214444444444444,0.861877989316197,FALSE
"pPGK1-mCherry-tTOS6","pPGK1","mCherry","tTOS6","URA3-ORF","bio_rep1",-0.353333333333333,1.27750889232791,FALSE
"pPGK1-mCherry-tTOS6","pPGK1","mCherry","tTOS6","URA3-ORF","bio_rep2",-0.225555555555555,1.16922741003825,FALSE
"pPGK1-mCherry-tTOS6","pPGK1","mCherry","tTOS6","URA3-ORF","bio_rep3",0.0144444444444449,0.990037828535667,FALSE
"pRPS3-mCherry-tCLN2","pRPS3","mCherry","tCLN2","mCh-7","bio_rep1",-0.404444444444445,1.32357912605877,FALSE
"pRPS3-mCherry-tCLN2","pRPS3","mCherry","tCLN2","mCh-7","bio_rep2",-0.498888888888889,1.41312480597219,FALSE
"pRPS3-mCherry-tCLN2","pRPS3","mCherry","tCLN2","mCh-7","bio_rep3",-0.526666666666667,1.44059686183175,FALSE
"pRPS3-mCherry-tCLN2","pRPS3","mCherry","tCLN2","PGK1-ORF","bio_rep1",-0.404444444444445,1.32357912605877,FALSE
"pRPS3-mCherry-tCLN2","pRPS3","mCherry","tCLN2","PGK1-ORF","bio_rep2",-0.438888888888888,1.35555992249759,FALSE
"pRPS3-mCherry-tCLN2","pRPS3","mCherry","tCLN2","PGK1-ORF","bio_rep3",-0.516666666666667,1.43064593243526,FALSE
"pRPS3-mCherry-tCLN2","pRPS3","mCherry","tCLN2","RPS3-ORF","bio_rep1",0.565555555555555,0.675695168519468,FALSE
"pRPS3-mCherry-tCLN2","pRPS3","mCherry","tCLN2","RPS3-ORF","bio_rep2",0.79111111111111,0.577898843901858,FALSE
"pRPS3-mCherry-tCLN2","pRPS3","mCherry","tCLN2","RPS3-ORF","bio_rep3",0.553333333333333,0.681443838492414,FALSE
"pRPS3-mCherry-tCLN2","pRPS3","mCherry","tCLN2","URA3-ORF","bio_rep1",-0.0844444444444452,1.06027936849208,FALSE
"pRPS3-mCherry-tCLN2","pRPS3","mCherry","tCLN2","URA3-ORF","bio_rep2",-0.308888888888889,1.23875328984883,FALSE
"pRPS3-mCherry-tCLN2","pRPS3","mCherry","tCLN2","URA3-ORF","bio_rep3",-0.0266666666666673,1.01865580995729,FALSE
"pRPS3-mCherry-tHSP26","pRPS3","mCherry","tHSP26","mCh-7","bio_rep1",0.524444444444443,0.695226777536846,FALSE
"pRPS3-mCherry-tHSP26","pRPS3","mCherry","tHSP26","mCh-7","bio_rep2",0.377777777777778,0.769622147933496,FALSE
"pRPS3-mCherry-tHSP26","pRPS3","mCherry","tHSP26","mCh-7","bio_rep3",-0.173333333333334,1.1276609270458,FALSE
"pRPS3-mCherry-tHSP26","pRPS3","mCherry","tHSP26","PGK1-ORF","bio_rep1",-0.855555555555556,1.80945540926543,FALSE
"pRPS3-mCherry-tHSP26","pRPS3","mCherry","tHSP26","PGK1-ORF","bio_rep2",-0.732222222222221,1.66119590697803,FALSE
"pRPS3-mCherry-tHSP26","pRPS3","mCherry","tHSP26","PGK1-ORF","bio_rep3",-0.453333333333333,1.36920012895119,FALSE
"pRPS3-mCherry-tHSP26","pRPS3","mCherry","tHSP26","RPS3-ORF","bio_rep1",0.654444444444444,0.635320094354809,FALSE
"pRPS3-mCherry-tHSP26","pRPS3","mCherry","tHSP26","RPS3-ORF","bio_rep2",0.637777777777778,0.642702158263776,FALSE
"pRPS3-mCherry-tHSP26","pRPS3","mCherry","tHSP26","RPS3-ORF","bio_rep3",0.416666666666666,0.749153538438341,FALSE
"pRPS3-mCherry-tHSP26","pRPS3","mCherry","tHSP26","URA3-ORF","bio_rep1",0.0244444444444429,0.983199137717551,FALSE
"pRPS3-mCherry-tHSP26","pRPS3","mCherry","tHSP26","URA3-ORF","bio_rep2",-0.0222222222222221,1.01552251250427,FALSE
"pRPS3-mCherry-tHSP26","pRPS3","mCherry","tHSP26","URA3-ORF","bio_rep3",-0.0133333333333336,1.00928480121187,FALSE
"pRPS3-mCherry-tPAB1","pRPS3","mCherry","tPAB1","mCh-7","bio_rep1",0.237777777777779,0.848050582099864,FALSE
"pRPS3-mCherry-tPAB1","pRPS3","mCherry","tPAB1","mCh-7","bio_rep2",-0.157777777777778,1.11556747521245,FALSE
"pRPS3-mCherry-tPAB1","pRPS3","mCherry","tPAB1","mCh-7","bio_rep3",-0.34,1.26575659397028,FALSE
"pRPS3-mCherry-tPAB1","pRPS3","mCherry","tPAB1","PGK1-ORF","bio_rep1",-0.392222222222221,1.312413393611,FALSE
"pRPS3-mCherry-tPAB1","pRPS3","mCherry","tPAB1","PGK1-ORF","bio_rep2",-0.427777777777777,1.34515999392839,FALSE
"pRPS3-mCherry-tPAB1","pRPS3","mCherry","tPAB1","PGK1-ORF","bio_rep3",-0.219999999999999,1.16473358646845,FALSE
"pRPS3-mCherry-tPAB1","pRPS3","mCherry","tPAB1","RPS3-ORF","bio_rep1",0.637777777777778,0.642702158263776,FALSE
"pRPS3-mCherry-tPAB1","pRPS3","mCherry","tPAB1","RPS3-ORF","bio_rep2",0.792222222222222,0.577453938632868,FALSE
"pRPS3-mCherry-tPAB1","pRPS3","mCherry","tPAB1","RPS3-ORF","bio_rep3",0.220000000000001,0.858565436437753,FALSE
"pRPS3-mCherry-tPAB1","pRPS3","mCherry","tPAB1","URA3-ORF","bio_rep1",-0.232222222222221,1.1746428907035,FALSE
"pRPS3-mCherry-tPAB1","pRPS3","mCherry","tPAB1","URA3-ORF","bio_rep2",-0.357777777777779,1.28145052366474,FALSE
"pRPS3-mCherry-tPAB1","pRPS3","mCherry","tPAB1","URA3-ORF","bio_rep3",-0.0999999999999996,1.07177346253629,FALSE
"pRPS3-mCherry-tPGK1","pRPS3","mCherry","tPGK1","mCh-7","bio_rep1",0.4,0.757858283255199,FALSE
"pRPS3-mCherry-tPGK1","pRPS3","mCherry","tPGK1","mCh-7","bio_rep2",-0.00666666666666593,1.00463167440205,FALSE
"pRPS3-mCherry-tPGK1","pRPS3","mCherry","tPGK1","mCh-7","bio_rep3",-0.0277777777777786,1.01944064370215,FALSE
"pRPS3-mCherry-tPGK1","pRPS3","mCherry","tPGK1","PGK1-ORF","bio_rep1",-0.459999999999999,1.37554181813974,FALSE
"pRPS3-mCherry-tPGK1","pRPS3","mCherry","tPGK1","PGK1-ORF","bio_rep2",-0.566666666666666,1.48109755228656,FALSE
"pRPS3-mCherry-tPGK1","pRPS3","mCherry","tPGK1","PGK1-ORF","bio_rep3",-0.407777777777778,1.32664077878827,FALSE
"pRPS3-mCherry-tPGK1","pRPS3","mCherry","tPGK1","RPS3-ORF","bio_rep1",0.74,0.598739352309464,FALSE
"pRPS3-mCherry-tPGK1","pRPS3","mCherry","tPGK1","RPS3-ORF","bio_rep2",0.743333333333334,0.597357567578009,FALSE
"pRPS3-mCherry-tPGK1","pRPS3","mCherry","tPGK1","RPS3-ORF","bio_rep3",0.462222222222222,0.725867324031822,FALSE
"pRPS3-mCherry-tPGK1","pRPS3","mCherry","tPGK1","URA3-ORF","bio_rep1",-0.220000000000001,1.16473358646846,FALSE
"pRPS3-mCherry-tPGK1","pRPS3","mCherry","tPGK1","URA3-ORF","bio_rep2",-0.246666666666666,1.18646263490849,FALSE
"pRPS3-mCherry-tPGK1","pRPS3","mCherry","tPGK1","URA3-ORF","bio_rep3",-0.0977777777777789,1.07012385165758,FALSE
"pRPS3-mCherry-tPMA1","pRPS3","mCherry","tPMA1","mCh-7","bio_rep1",2.7,0.153893051668114,FALSE
"pRPS3-mCherry-tPMA1","pRPS3","mCherry","tPMA1","mCh-7","bio_rep2",1.46111111111111,0.363213287952669,FALSE
"pRPS3-mCherry-tPMA1","pRPS3","mCherry","tPMA1","mCh-7","bio_rep3",1.91666666666667,0.264865773589824,FALSE
"pRPS3-mCherry-tPMA1","pRPS3","mCherry","tPMA1","PGK1-ORF","bio_rep1",-0.75,1.68179283050743,FALSE
"pRPS3-mCherry-tPMA1","pRPS3","mCherry","tPMA1","PGK1-ORF","bio_rep2",-0.26888888888889,1.20487951599471,FALSE
"pRPS3-mCherry-tPMA1","pRPS3","mCherry","tPMA1","PGK1-ORF","bio_rep3",-0.803333333333333,1.74512857528165,FALSE
"pRPS3-mCherry-tPMA1","pRPS3","mCherry","tPMA1","RPS3-ORF","bio_rep1",0.27,0.829319545814442,FALSE
"pRPS3-mCherry-tPMA1","pRPS3","mCherry","tPMA1","RPS3-ORF","bio_rep2",0.431111111111111,0.741690342435306,FALSE
"pRPS3-mCherry-tPMA1","pRPS3","mCherry","tPMA1","RPS3-ORF","bio_rep3",0.116666666666667,0.922316193585939,FALSE
"pRPS3-mCherry-tPMA1","pRPS3","mCherry","tPMA1","URA3-ORF","bio_rep1",0.48,0.716977624007913,FALSE
"pRPS3-mCherry-tPMA1","pRPS3","mCherry","tPMA1","URA3-ORF","bio_rep2",-0.158888888888889,1.11642697553695,FALSE
"pRPS3-mCherry-tPMA1","pRPS3","mCherry","tPMA1","URA3-ORF","bio_rep3",0.726666666666667,0.604298528173384,FALSE
"pRPS3-mCherry-tRPS13","pRPS3","mCherry","tRPS13","mCh-7","bio_rep1",0.0899999999999999,0.939522749214012,FALSE
"pRPS3-mCherry-tRPS13","pRPS3","mCherry","tRPS13","mCh-7","bio_rep2",0.543333333333333,0.68618365522189,FALSE
"pRPS3-mCherry-tRPS13","pRPS3","mCherry","tRPS13","mCh-7","bio_rep3",-0.172222222222222,1.12679277807238,FALSE
"pRPS3-mCherry-tRPS13","pRPS3","mCherry","tRPS13","PGK1-ORF","bio_rep1",-0.200000000000001,1.14869835499704,FALSE
"pRPS3-mCherry-tRPS13","pRPS3","mCherry","tRPS13","PGK1-ORF","bio_rep2",-0.496666666666666,1.41094980711805,FALSE
"pRPS3-mCherry-tRPS13","pRPS3","mCherry","tRPS13","PGK1-ORF","bio_rep3",-0.242222222222223,1.18281317812856,FALSE
"pRPS3-mCherry-tRPS13","pRPS3","mCherry","tRPS13","RPS3-ORF","bio_rep1",0.389999999999999,0.76312960448028,FALSE
"pRPS3-mCherry-tRPS13","pRPS3","mCherry","tRPS13","RPS3-ORF","bio_rep2",0.633333333333333,0.64468515421979,FALSE
"pRPS3-mCherry-tRPS13","pRPS3","mCherry","tRPS13","RPS3-ORF","bio_rep3",0.267777777777777,0.830597953489017,FALSE
"pRPS3-mCherry-tRPS13","pRPS3","mCherry","tRPS13","URA3-ORF","bio_rep1",-0.200000000000001,1.14869835499704,FALSE
"pRPS3-mCherry-tRPS13","pRPS3","mCherry","tRPS13","URA3-ORF","bio_rep2",-0.0666666666666664,1.04729412282063,FALSE
"pRPS3-mCherry-tRPS13","pRPS3","mCherry","tRPS13","URA3-ORF","bio_rep3",0.0377777777777784,0.974154308612393,FALSE
"pRPS3-mCherry-tRPS3","pRPS3","mCherry","tRPS3","mCh-7","bio_rep1",-0.316666666666668,1.24544962235882,FALSE
"pRPS3-mCherry-tRPS3","pRPS3","mCherry","tRPS3","mCh-7","bio_rep2",-0.372222222222224,1.29434501059428,FALSE
"pRPS3-mCherry-tRPS3","pRPS3","mCherry","tRPS3","mCh-7","bio_rep3",-0.684444444444445,1.60708300395263,FALSE
"pRPS3-mCherry-tRPS3","pRPS3","mCherry","tRPS3","PGK1-ORF","bio_rep1",-0.606666666666667,1.52273687213227,FALSE
"pRPS3-mCherry-tRPS3","pRPS3","mCherry","tRPS3","PGK1-ORF","bio_rep2",-0.492222222222223,1.40660984714947,FALSE
"pRPS3-mCherry-tRPS3","pRPS3","mCherry","tRPS3","PGK1-ORF","bio_rep3",-0.224444444444444,1.16832726039984,FALSE
"pRPS3-mCherry-tRPS3","pRPS3","mCherry","tRPS3","RPS3-ORF","bio_rep1",0.883333333333333,0.542113435150709,FALSE
"pRPS3-mCherry-tRPS3","pRPS3","mCherry","tRPS3","RPS3-ORF","bio_rep2",0.857777777777777,0.551801859009226,FALSE
"pRPS3-mCherry-tRPS3","pRPS3","mCherry","tRPS3","RPS3-ORF","bio_rep3",0.325555555555555,0.797991035384882,FALSE
"pRPS3-mCherry-tRPS3","pRPS3","mCherry","tRPS3","URA3-ORF","bio_rep1",-0.426666666666668,1.34412439959342,FALSE
"pRPS3-mCherry-tRPS3","pRPS3","mCherry","tRPS3","URA3-ORF","bio_rep2",-0.552222222222223,1.46634260451528,FALSE
"pRPS3-mCherry-tRPS3","pRPS3","mCherry","tRPS3","URA3-ORF","bio_rep3",-0.234444444444446,1.17645361914219,FALSE
"pRPS3-mCherry-tSRO9","pRPS3","mCherry","tSRO9","mCh-7","bio_rep1",1.89222222222222,0.269391787918668,FALSE
"pRPS3-mCherry-tSRO9","pRPS3","mCherry","tSRO9","mCh-7","bio_rep2",1.87666666666667,0.272312164035653,FALSE
"pRPS3-mCherry-tSRO9","pRPS3","mCherry","tSRO9","mCh-7","bio_rep3",1.29444444444445,0.407693131168534,FALSE
"pRPS3-mCherry-tSRO9","pRPS3","mCherry","tSRO9","PGK1-ORF","bio_rep1",-0.457777777777778,1.3734246648171,FALSE
"pRPS3-mCherry-tSRO9","pRPS3","mCherry","tSRO9","PGK1-ORF","bio_rep2",-0.503333333333334,1.41748486722226,FALSE
"pRPS3-mCherry-tSRO9","pRPS3","mCherry","tSRO9","PGK1-ORF","bio_rep3",-0.515555555555554,1.42954452529434,FALSE
"pRPS3-mCherry-tSRO9","pRPS3","mCherry","tSRO9","RPS3-ORF","bio_rep1",0.492222222222223,0.710929190511873,FALSE
"pRPS3-mCherry-tSRO9","pRPS3","mCherry","tSRO9","RPS3-ORF","bio_rep2",0.726666666666667,0.604298528173384,FALSE
"pRPS3-mCherry-tSRO9","pRPS3","mCherry","tSRO9","RPS3-ORF","bio_rep3",0.254444444444445,0.838309890374151,FALSE
"pRPS3-mCherry-tSRO9","pRPS3","mCherry","tSRO9","URA3-ORF","bio_rep1",0.0922222222222224,0.938076690879787,FALSE
"pRPS3-mCherry-tSRO9","pRPS3","mCherry","tSRO9","URA3-ORF","bio_rep2",-0.123333333333333,1.08924865614261,FALSE
"pRPS3-mCherry-tSRO9","pRPS3","mCherry","tSRO9","URA3-ORF","bio_rep3",0.204444444444446,0.867872824813668,FALSE
"pRPS3-mCherry-tSUN4","pRPS3","mCherry","tSUN4","mCh-7","bio_rep1",2.65888888888889,0.158341476128894,FALSE
"pRPS3-mCherry-tSUN4","pRPS3","mCherry","tSUN4","mCh-7","bio_rep2",2.58333333333333,0.166854981771254,FALSE
"pRPS3-mCherry-tSUN4","pRPS3","mCherry","tSUN4","mCh-7","bio_rep3",1.97222222222222,0.254860160925536,FALSE
"pRPS3-mCherry-tSUN4","pRPS3","mCherry","tSUN4","PGK1-ORF","bio_rep1",-0.411111111111111,1.32970951361603,FALSE
"pRPS3-mCherry-tSUN4","pRPS3","mCherry","tSUN4","PGK1-ORF","bio_rep2",-0.856666666666667,1.81084952261669,FALSE
"pRPS3-mCherry-tSUN4","pRPS3","mCherry","tSUN4","PGK1-ORF","bio_rep3",-0.457777777777777,1.3734246648171,FALSE
"pRPS3-mCherry-tSUN4","pRPS3","mCherry","tSUN4","RPS3-ORF","bio_rep1",0.598888888888888,0.660262269541656,FALSE
"pRPS3-mCherry-tSUN4","pRPS3","mCherry","tSUN4","RPS3-ORF","bio_rep2",0.583333333333332,0.667419927085018,FALSE
"pRPS3-mCherry-tSUN4","pRPS3","mCherry","tSUN4","RPS3-ORF","bio_rep3",0.162222222222223,0.893647500811402,FALSE
"pRPS3-mCherry-tSUN4","pRPS3","mCherry","tSUN4","URA3-ORF","bio_rep1",-0.181111111111111,1.13375672722483,FALSE
"pRPS3-mCherry-tSUN4","pRPS3","mCherry","tSUN4","URA3-ORF","bio_rep2",0.353333333333333,0.7827734162991,FALSE
"pRPS3-mCherry-tSUN4","pRPS3","mCherry","tSUN4","URA3-ORF","bio_rep3",0.142222222222223,0.906122355038388,FALSE
"pRPS3-mCherry-tTOS6","pRPS3","mCherry","tTOS6","mCh-7","bio_rep1",1.69777777777778,0.308260559917674,FALSE
"pRPS3-mCherry-tTOS6","pRPS3","mCherry","tTOS6","mCh-7","bio_rep2",1.56555555555556,0.337847584259734,FALSE
"pRPS3-mCherry-tTOS6","pRPS3","mCherry","tTOS6","mCh-7","bio_rep3",1.83777777777778,0.279752362954082,FALSE
"pRPS3-mCherry-tTOS6","pRPS3","mCherry","tTOS6","PGK1-ORF","bio_rep1",-0.632222222222223,1.54995058661642,FALSE
"pRPS3-mCherry-tTOS6","pRPS3","mCherry","tTOS6","PGK1-ORF","bio_rep2",-0.594444444444443,1.50989104208868,FALSE
"pRPS3-mCherry-tTOS6","pRPS3","mCherry","tTOS6","PGK1-ORF","bio_rep3",-0.692222222222222,1.61577041754322,FALSE
"pRPS3-mCherry-tTOS6","pRPS3","mCherry","tTOS6","RPS3-ORF","bio_rep1",0.527777777777777,0.693622316860605,FALSE
"pRPS3-mCherry-tTOS6","pRPS3","mCherry","tTOS6","RPS3-ORF","bio_rep2",0.525555555555556,0.694691545359566,FALSE
"pRPS3-mCherry-tTOS6","pRPS3","mCherry","tTOS6","RPS3-ORF","bio_rep3",0.237777777777778,0.848050582099865,FALSE
"pRPS3-mCherry-tTOS6","pRPS3","mCherry","tTOS6","URA3-ORF","bio_rep1",0.00777777777777722,0.994623361403161,FALSE
"pRPS3-mCherry-tTOS6","pRPS3","mCherry","tTOS6","URA3-ORF","bio_rep2",0.0855555555555565,0.942421556676098,FALSE
"pRPS3-mCherry-tTOS6","pRPS3","mCherry","tTOS6","URA3-ORF","bio_rep3",0.277777777777779,0.824860594335302,FALSE
"pSRO9-mCherry-tCLN2","pSRO9","mCherry","tCLN2","mCh-7","bio_rep1",3.40777777777778,0.0942229441448144,FALSE
"pSRO9-mCherry-tCLN2","pSRO9","mCherry","tCLN2","mCh-7","bio_rep2",2.83333333333333,0.140307756038672,FALSE
"pSRO9-mCherry-tCLN2","pSRO9","mCherry","tCLN2","mCh-7","bio_rep3",4.18666666666667,0.0549145907638259,FALSE
"pSRO9-mCherry-tCLN2","pSRO9","mCherry","tCLN2","PGK1-ORF","bio_rep1",-0.602222222222222,1.51805306478888,FALSE
"pSRO9-mCherry-tCLN2","pSRO9","mCherry","tCLN2","PGK1-ORF","bio_rep2",-1.16666666666667,2.24492409661875,FALSE
"pSRO9-mCherry-tCLN2","pSRO9","mCherry","tCLN2","PGK1-ORF","bio_rep3",-1.32333333333333,2.5024362789875,FALSE
"pSRO9-mCherry-tCLN2","pSRO9","mCherry","tCLN2","RPS3-ORF","bio_rep1",0.367777777777778,0.774975293308207,FALSE
"pSRO9-mCherry-tCLN2","pSRO9","mCherry","tCLN2","RPS3-ORF","bio_rep2",1.19333333333333,0.437291335027918,FALSE
"pSRO9-mCherry-tCLN2","pSRO9","mCherry","tCLN2","RPS3-ORF","bio_rep3",0.776666666666666,0.583713901878486,FALSE
"pSRO9-mCherry-tCLN2","pSRO9","mCherry","tCLN2","URA3-ORF","bio_rep1",0.0677777777777777,0.954106502836737,FALSE
"pSRO9-mCherry-tCLN2","pSRO9","mCherry","tCLN2","URA3-ORF","bio_rep2",-0.266666666666666,1.20302503608212,FALSE
"pSRO9-mCherry-tCLN2","pSRO9","mCherry","tCLN2","URA3-ORF","bio_rep3",0.436666666666666,0.738839720294815,FALSE
"pSRO9-mCherry-tHSP26","pSRO9","mCherry","tHSP26","mCh-7","bio_rep1",3.72444444444444,0.0756537578504063,FALSE
"pSRO9-mCherry-tHSP26","pSRO9","mCherry","tHSP26","mCh-7","bio_rep2",2.77333333333333,0.146266031650764,FALSE
"pSRO9-mCherry-tHSP26","pSRO9","mCherry","tHSP26","mCh-7","bio_rep3",3.28111111111111,0.10286962021172,FALSE
"pSRO9-mCherry-tHSP26","pSRO9","mCherry","tHSP26","PGK1-ORF","bio_rep1",-0.995555555555555,1.99384817242018,FALSE
"pSRO9-mCherry-tHSP26","pSRO9","mCherry","tHSP26","PGK1-ORF","bio_rep2",-0.506666666666668,1.42076373912898,FALSE
"pSRO9-mCherry-tHSP26","pSRO9","mCherry","tHSP26","PGK1-ORF","bio_rep3",-0.568888888888889,1.48338068487061,FALSE
"pSRO9-mCherry-tHSP26","pSRO9","mCherry","tHSP26","RPS3-ORF","bio_rep1",0.564444444444446,0.676215764744713,FALSE
"pSRO9-mCherry-tHSP26","pSRO9","mCherry","tHSP26","RPS3-ORF","bio_rep2",0.683333333333334,0.622724811179411,FALSE
"pSRO9-mCherry-tHSP26","pSRO9","mCherry","tHSP26","RPS3-ORF","bio_rep3",0.601111111111113,0.659246032565548,FALSE
"pSRO9-mCherry-tHSP26","pSRO9","mCherry","tHSP26","URA3-ORF","bio_rep1",0.174444444444445,0.886108677706511,FALSE
"pSRO9-mCherry-tHSP26","pSRO9","mCherry","tHSP26","URA3-ORF","bio_rep2",-0.406666666666666,1.32561944178653,FALSE
"pSRO9-mCherry-tHSP26","pSRO9","mCherry","tHSP26","URA3-ORF","bio_rep3",0.0711111111111116,0.95190459345377,FALSE
"pSRO9-mCherry-tPAB1","pSRO9","mCherry","tPAB1","mCh-7","bio_rep1",3.83777777777778,0.0699380907385206,FALSE
"pSRO9-mCherry-tPAB1","pSRO9","mCherry","tPAB1","mCh-7","bio_rep2",4.00333333333333,0.0623557610329389,FALSE
"pSRO9-mCherry-tPAB1","pSRO9","mCherry","tPAB1","mCh-7","bio_rep3",4.02222222222222,0.061544672058402,FALSE
"pSRO9-mCherry-tPAB1","pSRO9","mCherry","tPAB1","PGK1-ORF","bio_rep1",-0.712222222222222,1.63832573203224,FALSE
"pSRO9-mCherry-tPAB1","pSRO9","mCherry","tPAB1","PGK1-ORF","bio_rep2",-1.15666666666667,2.22941727317784,FALSE
"pSRO9-mCherry-tPAB1","pSRO9","mCherry","tPAB1","PGK1-ORF","bio_rep3",-1.32777777777778,2.51015730646128,FALSE
"pSRO9-mCherry-tPAB1","pSRO9","mCherry","tPAB1","RPS3-ORF","bio_rep1",0.257777777777777,0.836375219131518,FALSE
"pSRO9-mCherry-tPAB1","pSRO9","mCherry","tPAB1","RPS3-ORF","bio_rep2",0.893333333333334,0.538368784123761,FALSE
"pSRO9-mCherry-tPAB1","pSRO9","mCherry","tPAB1","RPS3-ORF","bio_rep3",1.10222222222222,0.465798460928562,FALSE
"pSRO9-mCherry-tPAB1","pSRO9","mCherry","tPAB1","URA3-ORF","bio_rep1",0.137777777777778,0.908918108783091,FALSE
"pSRO9-mCherry-tPAB1","pSRO9","mCherry","tPAB1","URA3-ORF","bio_rep2",0.153333333333334,0.899170535638185,FALSE
"pSRO9-mCherry-tPAB1","pSRO9","mCherry","tPAB1","URA3-ORF","bio_rep3",0.242222222222223,0.845442051619845,FALSE
"pSRO9-mCherry-tPGK1","pSRO9","mCherry","tPGK1","mCh-7","bio_rep1",4.01777777777778,0.0617345622497398,FALSE
"pSRO9-mCherry-tPGK1","pSRO9","mCherry","tPGK1","mCh-7","bio_rep2",3.83111111111111,0.0702620212031227,FALSE
"pSRO9-mCherry-tPGK1","pSRO9","mCherry","tPGK1","mCh-7","bio_rep3",4.01888888888889,0.0616870348453964,FALSE
"pSRO9-mCherry-tPGK1","pSRO9","mCherry","tPGK1","PGK1-ORF","bio_rep1",-0.612222222222222,1.52861195886977,FALSE
"pSRO9-mCherry-tPGK1","pSRO9","mCherry","tPGK1","PGK1-ORF","bio_rep2",-1.58888888888889,3.00817581512397,FALSE
"pSRO9-mCherry-tPGK1","pSRO9","mCherry","tPGK1","PGK1-ORF","bio_rep3",-0.79111111111111,1.73040664564788,FALSE
"pSRO9-mCherry-tPGK1","pSRO9","mCherry","tPGK1","RPS3-ORF","bio_rep1",0.327777777777778,0.796762814367008,FALSE
"pSRO9-mCherry-tPGK1","pSRO9","mCherry","tPGK1","RPS3-ORF","bio_rep2",1.51111111111111,0.350840909981724,FALSE
"pSRO9-mCherry-tPGK1","pSRO9","mCherry","tPGK1","RPS3-ORF","bio_rep3",0.648888888888889,0.637771312768654,FALSE
"pSRO9-mCherry-tPGK1","pSRO9","mCherry","tPGK1","URA3-ORF","bio_rep1",0.247777777777777,0.842192668834386,FALSE
"pSRO9-mCherry-tPGK1","pSRO9","mCherry","tPGK1","URA3-ORF","bio_rep2",0.0311111111111106,0.978666274187244,FALSE
"pSRO9-mCherry-tPGK1","pSRO9","mCherry","tPGK1","URA3-ORF","bio_rep3",0.0588888888888892,0.960003194137103,FALSE
"pSRO9-mCherry-tPMA1","pSRO9","mCherry","tPMA1","mCh-7","bio_rep1",4.75666666666667,0.0369913902684323,FALSE
"pSRO9-mCherry-tPMA1","pSRO9","mCherry","tPMA1","mCh-7","bio_rep2",3.82444444444444,0.0705874520081658,FALSE
"pSRO9-mCherry-tPMA1","pSRO9","mCherry","tPMA1","mCh-7","bio_rep3",4.81555555555556,0.0355118528132672,FALSE
"pSRO9-mCherry-tPMA1","pSRO9","mCherry","tPMA1","PGK1-ORF","bio_rep1",-0.793333333333333,1.73307409168493,FALSE
"pSRO9-mCherry-tPMA1","pSRO9","mCherry","tPMA1","PGK1-ORF","bio_rep2",-1.26555555555556,2.40419773353118,FALSE
"pSRO9-mCherry-tPMA1","pSRO9","mCherry","tPMA1","PGK1-ORF","bio_rep3",-1.00444444444444,2.00617080845463,FALSE
"pSRO9-mCherry-tPMA1","pSRO9","mCherry","tPMA1","RPS3-ORF","bio_rep1",0.216666666666667,0.86055143724433,FALSE
"pSRO9-mCherry-tPMA1","pSRO9","mCherry","tPMA1","RPS3-ORF","bio_rep2",1.24444444444444,0.422070398389846,FALSE
"pSRO9-mCherry-tPMA1","pSRO9","mCherry","tPMA1","RPS3-ORF","bio_rep3",0.735555555555557,0.600586705238141,FALSE
"pSRO9-mCherry-tPMA1","pSRO9","mCherry","tPMA1","URA3-ORF","bio_rep1",0.606666666666667,0.656712277939201,FALSE
"pSRO9-mCherry-tPMA1","pSRO9","mCherry","tPMA1","URA3-ORF","bio_rep2",0.344444444444445,0.787611212897619,FALSE
"pSRO9-mCherry-tPMA1","pSRO9","mCherry","tPMA1","URA3-ORF","bio_rep3",0.295555555555556,0.814758523333602,FALSE
"pSRO9-mCherry-tRPS13","pSRO9","mCherry","tRPS13","mCh-7","bio_rep1",4.36555555555556,0.0485106205348598,FALSE
"pSRO9-mCherry-tRPS13","pSRO9","mCherry","tRPS13","mCh-7","bio_rep2",3.85111111111111,0.0692947031943254,FALSE
"pSRO9-mCherry-tRPS13","pSRO9","mCherry","tRPS13","mCh-7","bio_rep3",4.74555555555555,0.0372773843644534,FALSE
"pSRO9-mCherry-tRPS13","pSRO9","mCherry","tRPS13","PGK1-ORF","bio_rep1",-0.534444444444444,1.44838430076631,FALSE
"pSRO9-mCherry-tRPS13","pSRO9","mCherry","tRPS13","PGK1-ORF","bio_rep2",-0.688888888888888,1.61204150464667,FALSE
"pSRO9-mCherry-tRPS13","pSRO9","mCherry","tRPS13","PGK1-ORF","bio_rep3",-0.384444444444444,1.3053570211039,FALSE
"pSRO9-mCherry-tRPS13","pSRO9","mCherry","tRPS13","RPS3-ORF","bio_rep1",0.485555555555555,0.71422198304524,FALSE
"pSRO9-mCherry-tRPS13","pSRO9","mCherry","tRPS13","RPS3-ORF","bio_rep2",0.801111111111112,0.573907005000673,FALSE
"pSRO9-mCherry-tRPS13","pSRO9","mCherry","tRPS13","RPS3-ORF","bio_rep3",0.525555555555556,0.694691545359566,FALSE
"pSRO9-mCherry-tRPS13","pSRO9","mCherry","tRPS13","URA3-ORF","bio_rep1",0.0155555555555544,0.989275631048923,FALSE
"pSRO9-mCherry-tRPS13","pSRO9","mCherry","tRPS13","URA3-ORF","bio_rep2",-0.348888888888888,1.27357938510927,FALSE
"pSRO9-mCherry-tRPS13","pSRO9","mCherry","tRPS13","URA3-ORF","bio_rep3",0.0355555555555558,0.975655981098753,FALSE
"pSRO9-mCherry-tRPS3","pSRO9","mCherry","tRPS3","mCh-7","bio_rep1",4.23333333333333,0.0531666975594285,FALSE
"pSRO9-mCherry-tRPS3","pSRO9","mCherry","tRPS3","mCh-7","bio_rep2",3.02333333333333,0.122994581688514,FALSE
"pSRO9-mCherry-tRPS3","pSRO9","mCherry","tRPS3","mCh-7","bio_rep3",4.00555555555556,0.0622597867012859,FALSE
"pSRO9-mCherry-tRPS3","pSRO9","mCherry","tRPS3","PGK1-ORF","bio_rep1",-0.636666666666667,1.55473281070849,FALSE
"pSRO9-mCherry-tRPS3","pSRO9","mCherry","tRPS3","PGK1-ORF","bio_rep2",-1.04666666666667,2.06575143029877,FALSE
"pSRO9-mCherry-tRPS3","pSRO9","mCherry","tRPS3","PGK1-ORF","bio_rep3",-1.02444444444444,2.0341759093106,FALSE
"pSRO9-mCherry-tRPS3","pSRO9","mCherry","tRPS3","RPS3-ORF","bio_rep1",0.333333333333334,0.793700525984099,FALSE
"pSRO9-mCherry-tRPS3","pSRO9","mCherry","tRPS3","RPS3-ORF","bio_rep2",0.953333333333333,0.516437857574694,FALSE
"pSRO9-mCherry-tRPS3","pSRO9","mCherry","tRPS3","RPS3-ORF","bio_rep3",0.785555555555556,0.580128517258799,FALSE
"pSRO9-mCherry-tRPS3","pSRO9","mCherry","tRPS3","URA3-ORF","bio_rep1",0.193333333333333,0.874582670055836,FALSE
"pSRO9-mCherry-tRPS3","pSRO9","mCherry","tRPS3","URA3-ORF","bio_rep2",0.043333333333333,0.970410231493541,FALSE
"pSRO9-mCherry-tRPS3","pSRO9","mCherry","tRPS3","URA3-ORF","bio_rep3",0.215555555555556,0.861214457864768,FALSE
"pSRO9-mCherry-tSRO9","pSRO9","mCherry","tSRO9","mCh-7","bio_rep1",4.50555555555555,0.0440243173717074,FALSE
"pSRO9-mCherry-tSRO9","pSRO9","mCherry","tSRO9","mCh-7","bio_rep2",4.4,0.0473661427034499,FALSE
"pSRO9-mCherry-tSRO9","pSRO9","mCherry","tSRO9","mCh-7","bio_rep3",4.79333333333333,0.0360630859926111,FALSE
"pSRO9-mCherry-tSRO9","pSRO9","mCherry","tSRO9","PGK1-ORF","bio_rep1",-0.664444444444445,1.58495781733351,FALSE
"pSRO9-mCherry-tSRO9","pSRO9","mCherry","tSRO9","PGK1-ORF","bio_rep2",-1.08,2.11403608112276,FALSE
"pSRO9-mCherry-tSRO9","pSRO9","mCherry","tSRO9","PGK1-ORF","bio_rep3",-1.13666666666667,2.1987242267704,FALSE
"pSRO9-mCherry-tSRO9","pSRO9","mCherry","tSRO9","RPS3-ORF","bio_rep1",0.385555555555555,0.765484167787935,FALSE
"pSRO9-mCherry-tSRO9","pSRO9","mCherry","tSRO9","RPS3-ORF","bio_rep2",1.04,0.486327473706142,FALSE
"pSRO9-mCherry-tSRO9","pSRO9","mCherry","tSRO9","RPS3-ORF","bio_rep3",0.573333333333334,0.672062199796708,FALSE
"pSRO9-mCherry-tSRO9","pSRO9","mCherry","tSRO9","URA3-ORF","bio_rep1",0.525555555555554,0.694691545359567,FALSE
"pSRO9-mCherry-tSRO9","pSRO9","mCherry","tSRO9","URA3-ORF","bio_rep2",0.220000000000001,0.858565436437753,FALSE
"pSRO9-mCherry-tSRO9","pSRO9","mCherry","tSRO9","URA3-ORF","bio_rep3",0.563333333333334,0.676736762068623,FALSE
"pSRO9-mCherry-tSUN4","pSRO9","mCherry","tSUN4","mCh-7","bio_rep1",5.35444444444444,0.024442837026584,FALSE
"pSRO9-mCherry-tSUN4","pSRO9","mCherry","tSUN4","mCh-7","bio_rep2",5.78,0.0181989622885697,FALSE
"pSRO9-mCherry-tSUN4","pSRO9","mCherry","tSUN4","mCh-7","bio_rep3",5.64777777777778,0.0199457090679045,FALSE
"pSRO9-mCherry-tSUN4","pSRO9","mCherry","tSUN4","PGK1-ORF","bio_rep1",-0.695555555555556,1.6195079560188,FALSE
"pSRO9-mCherry-tSUN4","pSRO9","mCherry","tSUN4","PGK1-ORF","bio_rep2",-1.99,3.97236998174814,FALSE
"pSRO9-mCherry-tSUN4","pSRO9","mCherry","tSUN4","PGK1-ORF","bio_rep3",-1.41222222222222,2.66146800371055,FALSE
"pSRO9-mCherry-tSUN4","pSRO9","mCherry","tSUN4","RPS3-ORF","bio_rep1",0.254444444444443,0.838309890374152,FALSE
"pSRO9-mCherry-tSUN4","pSRO9","mCherry","tSUN4","RPS3-ORF","bio_rep2",1.12,0.460093825312438,FALSE
"pSRO9-mCherry-tSUN4","pSRO9","mCherry","tSUN4","RPS3-ORF","bio_rep3",0.747777777777777,0.595520147198391,FALSE
"pSRO9-mCherry-tSUN4","pSRO9","mCherry","tSUN4","URA3-ORF","bio_rep1",0.514444444444445,0.700062462188774,FALSE
"pSRO9-mCherry-tSUN4","pSRO9","mCherry","tSUN4","URA3-ORF","bio_rep2",0.869999999999999,0.54714685063037,FALSE
"pSRO9-mCherry-tSUN4","pSRO9","mCherry","tSUN4","URA3-ORF","bio_rep3",0.647777777777778,0.638262690172942,FALSE
"pSRO9-mCherry-tTOS6","pSRO9","mCherry","tTOS6","mCh-7","bio_rep1",4.23666666666667,0.0530439982068202,FALSE
"pSRO9-mCherry-tTOS6","pSRO9","mCherry","tTOS6","mCh-7","bio_rep2",4.35888888888889,0.0487353059342189,FALSE
"pSRO9-mCherry-tTOS6","pSRO9","mCherry","tTOS6","mCh-7","bio_rep3",4.11444444444444,0.0577336223058274,FALSE
"pSRO9-mCherry-tTOS6","pSRO9","mCherry","tTOS6","PGK1-ORF","bio_rep1",-0.723333333333333,1.65099223316454,FALSE
"pSRO9-mCherry-tTOS6","pSRO9","mCherry","tTOS6","PGK1-ORF","bio_rep2",-1.06111111111111,2.08653787841032,FALSE
"pSRO9-mCherry-tTOS6","pSRO9","mCherry","tTOS6","PGK1-ORF","bio_rep3",-1.13555555555556,2.19703150147103,FALSE
"pSRO9-mCherry-tTOS6","pSRO9","mCherry","tTOS6","RPS3-ORF","bio_rep1",0.396666666666667,0.7596113321178,FALSE
"pSRO9-mCherry-tTOS6","pSRO9","mCherry","tTOS6","RPS3-ORF","bio_rep2",1.05888888888889,0.480001597068551,FALSE
"pSRO9-mCherry-tTOS6","pSRO9","mCherry","tTOS6","RPS3-ORF","bio_rep3",0.834444444444445,0.560798950890651,FALSE
"pSRO9-mCherry-tTOS6","pSRO9","mCherry","tTOS6","URA3-ORF","bio_rep1",0.426666666666666,0.743978756953218,FALSE
"pSRO9-mCherry-tTOS6","pSRO9","mCherry","tTOS6","URA3-ORF","bio_rep2",-0.0211111111111109,1.01474069519947,FALSE
"pSRO9-mCherry-tTOS6","pSRO9","mCherry","tTOS6","URA3-ORF","bio_rep3",0.474444444444444,0.719743896899169,FALSE
