"strain","pro_mCh","promoter","mCherry","target_id","UTR3","terminator","construct","bio_rep","exp_rep","deltacq","rel_abund_deltacq","na.rm","remove"
"pPIR1-mCherry-tPIR1_WT","pPIR1-mCherry","pPIR1","mCherry","mCh-7","tPIR1_WT","tPIR1","WT","bio_rep4","2",3.20333333333333,0.108567685783967,FALSE,FALSE
"pPIR1-mCherry-tPIR1_WT","pPIR1-mCherry","pPIR1","mCherry","mCh-7","tPIR1_WT","tPIR1","WT","bio_rep5","2",2.865,0.137261601723381,FALSE,FALSE
"pPIR1-mCherry-tPIR1_WT","pPIR1-mCherry","pPIR1","mCherry","mCh-7","tPIR1_WT","tPIR1","WT","bio_rep6","2",3.12666666666667,0.114493161283781,FALSE,FALSE
"pPIR1-mCherry-tPIR1_WT","pPIR1-mCherry","pPIR1","mCherry","mCh-7","tPIR1_WT","tPIR1","WT","bio_rep1","1",3.48833333333334,0.0891060170951657,FALSE,FALSE
"pPIR1-mCherry-tPIR1_WT","pPIR1-mCherry","pPIR1","mCherry","mCh-7","tPIR1_WT","tPIR1","WT","bio_rep2","1",3.92833333333333,0.0656831290394087,FALSE,FALSE
"pPIR1-mCherry-tPIR1_WT","pPIR1-mCherry","pPIR1","mCherry","mCh-7","tPIR1_WT","tPIR1","WT","bio_rep3","1",3.66,0.0791097871231426,FALSE,FALSE
"pPIR1-mCherry-tPIR1_WT","pPIR1-mCherry","pPIR1","mCherry","PGK1-ORF","tPIR1_WT","tPIR1","WT","bio_rep4","2",-0.406666666666666,1.32561944178653,FALSE,FALSE
"pPIR1-mCherry-tPIR1_WT","pPIR1-mCherry","pPIR1","mCherry","PGK1-ORF","tPIR1_WT","tPIR1","WT","bio_rep5","2",-0.705,1.63014466480525,FALSE,FALSE
"pPIR1-mCherry-tPIR1_WT","pPIR1-mCherry","pPIR1","mCherry","PGK1-ORF","tPIR1_WT","tPIR1","WT","bio_rep6","2",-0.473333333333333,1.38831345047979,FALSE,FALSE
"pPIR1-mCherry-tPIR1_WT","pPIR1-mCherry","pPIR1","mCherry","PGK1-ORF","tPIR1_WT","tPIR1","WT","bio_rep1","1",-0.691666666666666,1.61514833360008,FALSE,FALSE
"pPIR1-mCherry-tPIR1_WT","pPIR1-mCherry","pPIR1","mCherry","PGK1-ORF","tPIR1_WT","tPIR1","WT","bio_rep2","1",-0.651666666666666,1.57098201748083,FALSE,FALSE
"pPIR1-mCherry-tPIR1_WT","pPIR1-mCherry","pPIR1","mCherry","PGK1-ORF","tPIR1_WT","tPIR1","WT","bio_rep3","1",-0.640000000000001,1.558329159321,FALSE,FALSE
"pPIR1-mCherry-tPIR1_WT","pPIR1-mCherry","pPIR1","mCherry","PIR1-ORF","tPIR1_WT","tPIR1","WT","bio_rep4","2",-0.196666666666667,1.14604736197,FALSE,FALSE
"pPIR1-mCherry-tPIR1_WT","pPIR1-mCherry","pPIR1","mCherry","PIR1-ORF","tPIR1_WT","tPIR1","WT","bio_rep5","2",-0.154999999999999,1.11342161822869,FALSE,FALSE
"pPIR1-mCherry-tPIR1_WT","pPIR1-mCherry","pPIR1","mCherry","PIR1-ORF","tPIR1_WT","tPIR1","WT","bio_rep6","2",0.116666666666667,0.922316193585939,FALSE,FALSE
"pPIR1-mCherry-tPIR1_WT","pPIR1-mCherry","pPIR1","mCherry","PIR1-ORF","tPIR1_WT","tPIR1","WT","bio_rep1","1",0.368333333333334,0.774676921905276,FALSE,FALSE
"pPIR1-mCherry-tPIR1_WT","pPIR1-mCherry","pPIR1","mCherry","PIR1-ORF","tPIR1_WT","tPIR1","WT","bio_rep2","1",0.498333333333335,0.707924135003946,FALSE,FALSE
"pPIR1-mCherry-tPIR1_WT","pPIR1-mCherry","pPIR1","mCherry","PIR1-ORF","tPIR1_WT","tPIR1","WT","bio_rep3","1",0.559999999999999,0.678302163723837,FALSE,FALSE
"pPIR1-mCherry-tPIR1_WT","pPIR1-mCherry","pPIR1","mCherry","URA3-ORF","tPIR1_WT","tPIR1","WT","bio_rep4","2",0.513333333333334,0.700601832443633,FALSE,FALSE
"pPIR1-mCherry-tPIR1_WT","pPIR1-mCherry","pPIR1","mCherry","URA3-ORF","tPIR1_WT","tPIR1","WT","bio_rep5","2",0.645,0.639492790638715,FALSE,FALSE
"pPIR1-mCherry-tPIR1_WT","pPIR1-mCherry","pPIR1","mCherry","URA3-ORF","tPIR1_WT","tPIR1","WT","bio_rep6","2",0.546666666666667,0.684600064475596,FALSE,FALSE
"pPIR1-mCherry-tPIR1_WT","pPIR1-mCherry","pPIR1","mCherry","URA3-ORF","tPIR1_WT","tPIR1","WT","bio_rep1","1",0.548333333333334,0.683809640123009,FALSE,FALSE
"pPIR1-mCherry-tPIR1_WT","pPIR1-mCherry","pPIR1","mCherry","URA3-ORF","tPIR1_WT","tPIR1","WT","bio_rep2","1",0.688333333333334,0.620570347002165,FALSE,FALSE
"pPIR1-mCherry-tPIR1_WT","pPIR1-mCherry","pPIR1","mCherry","URA3-ORF","tPIR1_WT","tPIR1","WT","bio_rep3","1",0.699999999999999,0.615572206672458,FALSE,FALSE
"pPIR1-mCherry-tPIR1_modA","pPIR1-mCherry","pPIR1","mCherry","mCh-7","tPIR1_modA","tPIR1","modA","bio_rep4","2",2.34,0.197510327965844,FALSE,FALSE
"pPIR1-mCherry-tPIR1_modA","pPIR1-mCherry","pPIR1","mCherry","mCh-7","tPIR1_modA","tPIR1","modA","bio_rep5","2",2.58166666666667,0.167047851589408,FALSE,FALSE
"pPIR1-mCherry-tPIR1_modA","pPIR1-mCherry","pPIR1","mCherry","mCh-7","tPIR1_modA","tPIR1","modA","bio_rep6","2",2.66833333333333,0.157308296554858,FALSE,FALSE
"pPIR1-mCherry-tPIR1_modA","pPIR1-mCherry","pPIR1","mCherry","mCh-7","tPIR1_modA","tPIR1","modA","bio_rep1","1",2.65666666666667,0.158585561728116,FALSE,FALSE
"pPIR1-mCherry-tPIR1_modA","pPIR1-mCherry","pPIR1","mCherry","mCh-7","tPIR1_modA","tPIR1","modA","bio_rep2","1",3.465,0.0905588846596799,FALSE,FALSE
"pPIR1-mCherry-tPIR1_modA","pPIR1-mCherry","pPIR1","mCherry","mCh-7","tPIR1_modA","tPIR1","modA","bio_rep3","1",2.84333333333333,0.139338579573615,FALSE,FALSE
"pPIR1-mCherry-tPIR1_modA","pPIR1-mCherry","pPIR1","mCherry","PGK1-ORF","tPIR1_modA","tPIR1","modA","bio_rep4","2",-0.520000000000001,1.43395524801583,FALSE,FALSE
"pPIR1-mCherry-tPIR1_modA","pPIR1-mCherry","pPIR1","mCherry","PGK1-ORF","tPIR1_modA","tPIR1","modA","bio_rep5","2",-0.508333333333333,1.42240601819728,FALSE,FALSE
"pPIR1-mCherry-tPIR1_modA","pPIR1-mCherry","pPIR1","mCherry","PGK1-ORF","tPIR1_modA","tPIR1","modA","bio_rep6","2",-0.611666666666666,1.52802343159846,FALSE,FALSE
"pPIR1-mCherry-tPIR1_modA","pPIR1-mCherry","pPIR1","mCherry","PGK1-ORF","tPIR1_modA","tPIR1","modA","bio_rep1","1",-0.613333333333332,1.52978969352399,FALSE,FALSE
"pPIR1-mCherry-tPIR1_modA","pPIR1-mCherry","pPIR1","mCherry","PGK1-ORF","tPIR1_modA","tPIR1","modA","bio_rep2","1",-0.674999999999999,1.5965967727133,FALSE,FALSE
"pPIR1-mCherry-tPIR1_modA","pPIR1-mCherry","pPIR1","mCherry","PGK1-ORF","tPIR1_modA","tPIR1","modA","bio_rep3","1",-0.856666666666667,1.81084952261669,FALSE,FALSE
"pPIR1-mCherry-tPIR1_modA","pPIR1-mCherry","pPIR1","mCherry","PIR1-ORF","tPIR1_modA","tPIR1","modA","bio_rep4","2",-0.18,1.1328838852958,FALSE,FALSE
"pPIR1-mCherry-tPIR1_modA","pPIR1-mCherry","pPIR1","mCherry","PIR1-ORF","tPIR1_modA","tPIR1","modA","bio_rep5","2",-0.268333333333333,1.2044156281848,FALSE,FALSE
"pPIR1-mCherry-tPIR1_modA","pPIR1-mCherry","pPIR1","mCherry","PIR1-ORF","tPIR1_modA","tPIR1","modA","bio_rep6","2",-0.181666666666667,1.1341934003407,FALSE,FALSE
"pPIR1-mCherry-tPIR1_modA","pPIR1-mCherry","pPIR1","mCherry","PIR1-ORF","tPIR1_modA","tPIR1","modA","bio_rep1","1",1.11666666666667,0.461158096792969,FALSE,FALSE
"pPIR1-mCherry-tPIR1_modA","pPIR1-mCherry","pPIR1","mCherry","PIR1-ORF","tPIR1_modA","tPIR1","modA","bio_rep2","1",0.635,0.643940814754913,FALSE,FALSE
"pPIR1-mCherry-tPIR1_modA","pPIR1-mCherry","pPIR1","mCherry","PIR1-ORF","tPIR1_modA","tPIR1","modA","bio_rep3","1",0.523333333333333,0.695762422089208,FALSE,FALSE
"pPIR1-mCherry-tPIR1_modA","pPIR1-mCherry","pPIR1","mCherry","URA3-ORF","tPIR1_modA","tPIR1","modA","bio_rep4","2",0.49,0.712025097798536,FALSE,FALSE
"pPIR1-mCherry-tPIR1_modA","pPIR1-mCherry","pPIR1","mCherry","URA3-ORF","tPIR1_modA","tPIR1","modA","bio_rep5","2",0.511666666666667,0.701411667107168,FALSE,FALSE
"pPIR1-mCherry-tPIR1_modA","pPIR1-mCherry","pPIR1","mCherry","URA3-ORF","tPIR1_modA","tPIR1","modA","bio_rep6","2",0.588333333333333,0.66511082955386,FALSE,FALSE
"pPIR1-mCherry-tPIR1_modA","pPIR1-mCherry","pPIR1","mCherry","URA3-ORF","tPIR1_modA","tPIR1","modA","bio_rep1","1",0.616666666666667,0.652176034882782,FALSE,FALSE
"pPIR1-mCherry-tPIR1_modA","pPIR1-mCherry","pPIR1","mCherry","URA3-ORF","tPIR1_modA","tPIR1","modA","bio_rep2","1",0.734999999999999,0.600818024763426,FALSE,FALSE
"pPIR1-mCherry-tPIR1_modA","pPIR1-mCherry","pPIR1","mCherry","URA3-ORF","tPIR1_modA","tPIR1","modA","bio_rep3","1",0.703333333333333,0.614151574684587,FALSE,FALSE
"pPIR1-mCherry-tPIR1_modB","pPIR1-mCherry","pPIR1","mCherry","mCh-7","tPIR1_modB","tPIR1","modB","bio_rep4","2",2.45,0.183010711993203,FALSE,FALSE
"pPIR1-mCherry-tPIR1_modB","pPIR1-mCherry","pPIR1","mCherry","mCh-7","tPIR1_modB","tPIR1","modB","bio_rep5","2",2.93833333333333,0.130458845051718,FALSE,FALSE
"pPIR1-mCherry-tPIR1_modB","pPIR1-mCherry","pPIR1","mCherry","mCh-7","tPIR1_modB","tPIR1","modB","bio_rep6","2",2.66,0.158219574246285,FALSE,FALSE
"pPIR1-mCherry-tPIR1_modB","pPIR1-mCherry","pPIR1","mCherry","mCh-7","tPIR1_modB","tPIR1","modB","bio_rep1","1",2.95666666666667,0.128811502541162,FALSE,FALSE
"pPIR1-mCherry-tPIR1_modB","pPIR1-mCherry","pPIR1","mCherry","mCh-7","tPIR1_modB","tPIR1","modB","bio_rep2","1",3.32666666666667,0.0996720860491496,FALSE,FALSE
"pPIR1-mCherry-tPIR1_modB","pPIR1-mCherry","pPIR1","mCherry","mCh-7","tPIR1_modB","tPIR1","modB","bio_rep3","1",3.03333333333333,0.122144996054281,FALSE,FALSE
"pPIR1-mCherry-tPIR1_modB","pPIR1-mCherry","pPIR1","mCherry","PGK1-ORF","tPIR1_modB","tPIR1","modB","bio_rep4","2",-0.52,1.43395524801583,FALSE,FALSE
"pPIR1-mCherry-tPIR1_modB","pPIR1-mCherry","pPIR1","mCherry","PGK1-ORF","tPIR1_modB","tPIR1","modB","bio_rep5","2",-0.751666666666667,1.68373683645768,FALSE,FALSE
"pPIR1-mCherry-tPIR1_modB","pPIR1-mCherry","pPIR1","mCherry","PGK1-ORF","tPIR1_modB","tPIR1","modB","bio_rep6","2",-0.369999999999999,1.29235283063749,FALSE,FALSE
"pPIR1-mCherry-tPIR1_modB","pPIR1-mCherry","pPIR1","mCherry","PGK1-ORF","tPIR1_modB","tPIR1","modB","bio_rep1","1",-0.673333333333334,1.59475337678639,FALSE,FALSE
"pPIR1-mCherry-tPIR1_modB","pPIR1-mCherry","pPIR1","mCherry","PGK1-ORF","tPIR1_modB","tPIR1","modB","bio_rep2","1",-0.683333333333334,1.60584576372675,FALSE,FALSE
"pPIR1-mCherry-tPIR1_modB","pPIR1-mCherry","pPIR1","mCherry","PGK1-ORF","tPIR1_modB","tPIR1","modB","bio_rep3","1",-0.806666666666667,1.74916534011167,FALSE,FALSE
"pPIR1-mCherry-tPIR1_modB","pPIR1-mCherry","pPIR1","mCherry","PIR1-ORF","tPIR1_modB","tPIR1","modB","bio_rep4","2",0.170000000000002,0.888842681166569,FALSE,FALSE
"pPIR1-mCherry-tPIR1_modB","pPIR1-mCherry","pPIR1","mCherry","PIR1-ORF","tPIR1_modB","tPIR1","modB","bio_rep5","2",0.218333333333334,0.859557863261581,FALSE,FALSE
"pPIR1-mCherry-tPIR1_modB","pPIR1-mCherry","pPIR1","mCherry","PIR1-ORF","tPIR1_modB","tPIR1","modB","bio_rep6","2",-0.289999999999999,1.22264027769207,FALSE,FALSE
"pPIR1-mCherry-tPIR1_modB","pPIR1-mCherry","pPIR1","mCherry","PIR1-ORF","tPIR1_modB","tPIR1","modB","bio_rep1","1",0.396666666666667,0.7596113321178,FALSE,FALSE
"pPIR1-mCherry-tPIR1_modB","pPIR1-mCherry","pPIR1","mCherry","PIR1-ORF","tPIR1_modB","tPIR1","modB","bio_rep2","1",0.436666666666666,0.738839720294815,FALSE,FALSE
"pPIR1-mCherry-tPIR1_modB","pPIR1-mCherry","pPIR1","mCherry","PIR1-ORF","tPIR1_modB","tPIR1","modB","bio_rep3","1",0.533333333333333,0.690956439983888,FALSE,FALSE
"pPIR1-mCherry-tPIR1_modB","pPIR1-mCherry","pPIR1","mCherry","URA3-ORF","tPIR1_modB","tPIR1","modB","bio_rep4","2",0.49,0.712025097798536,FALSE,FALSE
"pPIR1-mCherry-tPIR1_modB","pPIR1-mCherry","pPIR1","mCherry","URA3-ORF","tPIR1_modB","tPIR1","modB","bio_rep5","2",0.758333333333333,0.591178893013574,FALSE,FALSE
"pPIR1-mCherry-tPIR1_modB","pPIR1-mCherry","pPIR1","mCherry","URA3-ORF","tPIR1_modB","tPIR1","modB","bio_rep6","2",0.26,0.835087919428369,FALSE,FALSE
"pPIR1-mCherry-tPIR1_modB","pPIR1-mCherry","pPIR1","mCherry","URA3-ORF","tPIR1_modB","tPIR1","modB","bio_rep1","1",0.726666666666667,0.604298528173384,FALSE,FALSE
"pPIR1-mCherry-tPIR1_modB","pPIR1-mCherry","pPIR1","mCherry","URA3-ORF","tPIR1_modB","tPIR1","modB","bio_rep2","1",0.686666666666666,0.621287672242967,FALSE,FALSE
"pPIR1-mCherry-tPIR1_modB","pPIR1-mCherry","pPIR1","mCherry","URA3-ORF","tPIR1_modB","tPIR1","modB","bio_rep3","1",0.813333333333334,0.569065517293911,FALSE,FALSE
"pPIR1-mCherry-tPIR1_modC","pPIR1-mCherry","pPIR1","mCherry","mCh-7","tPIR1_modC","tPIR1","modC","bio_rep4","2",2.735,0.150204506190856,FALSE,FALSE
"pPIR1-mCherry-tPIR1_modC","pPIR1-mCherry","pPIR1","mCherry","mCh-7","tPIR1_modC","tPIR1","modC","bio_rep5","2",2.725,0.151249261152412,FALSE,FALSE
"pPIR1-mCherry-tPIR1_modC","pPIR1-mCherry","pPIR1","mCherry","mCh-7","tPIR1_modC","tPIR1","modC","bio_rep6","2",2.80833333333333,0.142760292413846,FALSE,FALSE
"pPIR1-mCherry-tPIR1_modC","pPIR1-mCherry","pPIR1","mCherry","mCh-7","tPIR1_modC","tPIR1","modC","bio_rep1","1",3.42,0.0934280780396837,FALSE,FALSE
"pPIR1-mCherry-tPIR1_modC","pPIR1-mCherry","pPIR1","mCherry","mCh-7","tPIR1_modC","tPIR1","modC","bio_rep2","1",3.17833333333333,0.110465415503772,FALSE,FALSE
"pPIR1-mCherry-tPIR1_modC","pPIR1-mCherry","pPIR1","mCherry","mCh-7","tPIR1_modC","tPIR1","modC","bio_rep3","1",3.6,0.0824692444233059,FALSE,FALSE
"pPIR1-mCherry-tPIR1_modC","pPIR1-mCherry","pPIR1","mCherry","PGK1-ORF","tPIR1_modC","tPIR1","modC","bio_rep4","2",-0.534999999999998,1.44894215455488,FALSE,FALSE
"pPIR1-mCherry-tPIR1_modC","pPIR1-mCherry","pPIR1","mCherry","PGK1-ORF","tPIR1_modC","tPIR1","modC","bio_rep5","2",-0.515000000000001,1.42899413974109,FALSE,FALSE
"pPIR1-mCherry-tPIR1_modC","pPIR1-mCherry","pPIR1","mCherry","PGK1-ORF","tPIR1_modC","tPIR1","modC","bio_rep6","2",-0.421666666666667,1.33947408244417,FALSE,FALSE
"pPIR1-mCherry-tPIR1_modC","pPIR1-mCherry","pPIR1","mCherry","PGK1-ORF","tPIR1_modC","tPIR1","modC","bio_rep1","1",-0.69,1.61328351844425,FALSE,FALSE
"pPIR1-mCherry-tPIR1_modC","pPIR1-mCherry","pPIR1","mCherry","PGK1-ORF","tPIR1_modC","tPIR1","modC","bio_rep2","1",-0.791666666666668,1.73107312201229,FALSE,FALSE
"pPIR1-mCherry-tPIR1_modC","pPIR1-mCherry","pPIR1","mCherry","PGK1-ORF","tPIR1_modC","tPIR1","modC","bio_rep3","1",-0.75,1.68179283050743,FALSE,FALSE
"pPIR1-mCherry-tPIR1_modC","pPIR1-mCherry","pPIR1","mCherry","PIR1-ORF","tPIR1_modC","tPIR1","modC","bio_rep4","2",0.315000000000001,0.803850990743151,FALSE,FALSE
"pPIR1-mCherry-tPIR1_modC","pPIR1-mCherry","pPIR1","mCherry","PIR1-ORF","tPIR1_modC","tPIR1","modC","bio_rep5","2",0.244999999999999,0.843815796130018,FALSE,FALSE
"pPIR1-mCherry-tPIR1_modC","pPIR1-mCherry","pPIR1","mCherry","PIR1-ORF","tPIR1_modC","tPIR1","modC","bio_rep6","2",0.228333333333333,0.85362046339897,FALSE,FALSE
"pPIR1-mCherry-tPIR1_modC","pPIR1-mCherry","pPIR1","mCherry","PIR1-ORF","tPIR1_modC","tPIR1","modC","bio_rep1","1",0.609999999999999,0.655196701929182,FALSE,FALSE
"pPIR1-mCherry-tPIR1_modC","pPIR1-mCherry","pPIR1","mCherry","PIR1-ORF","tPIR1_modC","tPIR1","modC","bio_rep2","1",0.728333333333332,0.603600818229015,FALSE,FALSE
"pPIR1-mCherry-tPIR1_modC","pPIR1-mCherry","pPIR1","mCherry","PIR1-ORF","tPIR1_modC","tPIR1","modC","bio_rep3","1",0.57,0.673616788432845,FALSE,FALSE
"pPIR1-mCherry-tPIR1_modC","pPIR1-mCherry","pPIR1","mCherry","URA3-ORF","tPIR1_modC","tPIR1","modC","bio_rep4","2",0.525,0.694959109921168,FALSE,FALSE
"pPIR1-mCherry-tPIR1_modC","pPIR1-mCherry","pPIR1","mCherry","URA3-ORF","tPIR1_modC","tPIR1","modC","bio_rep5","2",0.604999999999999,0.657471380102536,FALSE,FALSE
"pPIR1-mCherry-tPIR1_modC","pPIR1-mCherry","pPIR1","mCherry","URA3-ORF","tPIR1_modC","tPIR1","modC","bio_rep6","2",0.498333333333333,0.707924135003947,FALSE,FALSE
"pPIR1-mCherry-tPIR1_modC","pPIR1-mCherry","pPIR1","mCherry","URA3-ORF","tPIR1_modC","tPIR1","modC","bio_rep1","1",0.68,0.624165274450806,FALSE,FALSE
"pPIR1-mCherry-tPIR1_modC","pPIR1-mCherry","pPIR1","mCherry","URA3-ORF","tPIR1_modC","tPIR1","modC","bio_rep2","1",0.708333333333332,0.612026771652328,FALSE,FALSE
"pPIR1-mCherry-tPIR1_modC","pPIR1-mCherry","pPIR1","mCherry","URA3-ORF","tPIR1_modC","tPIR1","modC","bio_rep3","1",0.67,0.628506687260914,FALSE,FALSE
"pPIR1-mCherry-tPIR1_modD","pPIR1-mCherry","pPIR1","mCherry","mCh-7","tPIR1_modD","tPIR1","modD","bio_rep4","2",3.69333333333333,0.0773029170880898,FALSE,FALSE
"pPIR1-mCherry-tPIR1_modD","pPIR1-mCherry","pPIR1","mCherry","mCh-7","tPIR1_modD","tPIR1","modD","bio_rep5","2",3.11666666666667,0.115289524198243,FALSE,FALSE
"pPIR1-mCherry-tPIR1_modD","pPIR1-mCherry","pPIR1","mCherry","mCh-7","tPIR1_modD","tPIR1","modD","bio_rep6","2",3.51,0.0877778047336248,FALSE,FALSE
"pPIR1-mCherry-tPIR1_modD","pPIR1-mCherry","pPIR1","mCherry","mCh-7","tPIR1_modD","tPIR1","modD","bio_rep1","1",3.39833333333333,0.0948417876732738,FALSE,FALSE
"pPIR1-mCherry-tPIR1_modD","pPIR1-mCherry","pPIR1","mCherry","mCh-7","tPIR1_modD","tPIR1","modD","bio_rep2","1",3.1,0.116629123942101,FALSE,FALSE
"pPIR1-mCherry-tPIR1_modD","pPIR1-mCherry","pPIR1","mCherry","mCh-7","tPIR1_modD","tPIR1","modD","bio_rep3","1",2.79666666666667,0.143919435024998,FALSE,FALSE
"pPIR1-mCherry-tPIR1_modD","pPIR1-mCherry","pPIR1","mCherry","PGK1-ORF","tPIR1_modD","tPIR1","modD","bio_rep4","2",-0.546666666666667,1.46070684461007,FALSE,FALSE
"pPIR1-mCherry-tPIR1_modD","pPIR1-mCherry","pPIR1","mCherry","PGK1-ORF","tPIR1_modD","tPIR1","modD","bio_rep5","2",-0.453333333333333,1.36920012895119,FALSE,FALSE
"pPIR1-mCherry-tPIR1_modD","pPIR1-mCherry","pPIR1","mCherry","PGK1-ORF","tPIR1_modD","tPIR1","modD","bio_rep6","2",-0.550000000000001,1.46408569594563,FALSE,FALSE
"pPIR1-mCherry-tPIR1_modD","pPIR1-mCherry","pPIR1","mCherry","PGK1-ORF","tPIR1_modD","tPIR1","modD","bio_rep1","1",-0.811666666666667,1.75523800227408,FALSE,FALSE
"pPIR1-mCherry-tPIR1_modD","pPIR1-mCherry","pPIR1","mCherry","PGK1-ORF","tPIR1_modD","tPIR1","modD","bio_rep2","1",-0.65,1.5691681957935,FALSE,FALSE
"pPIR1-mCherry-tPIR1_modD","pPIR1-mCherry","pPIR1","mCherry","PGK1-ORF","tPIR1_modD","tPIR1","modD","bio_rep3","1",-0.703333333333333,1.6282625352114,FALSE,FALSE
"pPIR1-mCherry-tPIR1_modD","pPIR1-mCherry","pPIR1","mCherry","PIR1-ORF","tPIR1_modD","tPIR1","modD","bio_rep4","2",-0.176666666666666,1.13026938927316,FALSE,FALSE
"pPIR1-mCherry-tPIR1_modD","pPIR1-mCherry","pPIR1","mCherry","PIR1-ORF","tPIR1_modD","tPIR1","modD","bio_rep5","2",-0.0833333333333339,1.0594630943593,FALSE,FALSE
"pPIR1-mCherry-tPIR1_modD","pPIR1-mCherry","pPIR1","mCherry","PIR1-ORF","tPIR1_modD","tPIR1","modD","bio_rep6","2",0.0299999999999994,0.979420297586927,FALSE,FALSE
"pPIR1-mCherry-tPIR1_modD","pPIR1-mCherry","pPIR1","mCherry","PIR1-ORF","tPIR1_modD","tPIR1","modD","bio_rep1","1",0.0983333333333327,0.934111496364767,FALSE,FALSE
"pPIR1-mCherry-tPIR1_modD","pPIR1-mCherry","pPIR1","mCherry","PIR1-ORF","tPIR1_modD","tPIR1","modD","bio_rep2","1",0.23,0.852634891767956,FALSE,FALSE
"pPIR1-mCherry-tPIR1_modD","pPIR1-mCherry","pPIR1","mCherry","PIR1-ORF","tPIR1_modD","tPIR1","modD","bio_rep3","1",0.296666666666667,0.8141312676057,FALSE,FALSE
"pPIR1-mCherry-tPIR1_modD","pPIR1-mCherry","pPIR1","mCherry","URA3-ORF","tPIR1_modD","tPIR1","modD","bio_rep4","2",0.543333333333333,0.68618365522189,FALSE,FALSE
"pPIR1-mCherry-tPIR1_modD","pPIR1-mCherry","pPIR1","mCherry","URA3-ORF","tPIR1_modD","tPIR1","modD","bio_rep5","2",0.416666666666666,0.749153538438341,FALSE,FALSE
"pPIR1-mCherry-tPIR1_modD","pPIR1-mCherry","pPIR1","mCherry","URA3-ORF","tPIR1_modD","tPIR1","modD","bio_rep6","2",0.59,0.664342907048256,FALSE,FALSE
"pPIR1-mCherry-tPIR1_modD","pPIR1-mCherry","pPIR1","mCherry","URA3-ORF","tPIR1_modD","tPIR1","modD","bio_rep1","1",0.618333333333332,0.651423046609929,FALSE,FALSE
"pPIR1-mCherry-tPIR1_modD","pPIR1-mCherry","pPIR1","mCherry","URA3-ORF","tPIR1_modD","tPIR1","modD","bio_rep2","1",0.620000000000001,0.650670927720966,FALSE,FALSE
"pPIR1-mCherry-tPIR1_modD","pPIR1-mCherry","pPIR1","mCherry","URA3-ORF","tPIR1_modD","tPIR1","modD","bio_rep3","1",0.656666666666666,0.634342246912466,FALSE,FALSE
"pPIR1-mCherry-tPIR1_modE","pPIR1-mCherry","pPIR1","mCherry","mCh-7","tPIR1_modE","tPIR1","modE","bio_rep4","2",3.205,0.108442335894008,FALSE,FALSE
"pPIR1-mCherry-tPIR1_modE","pPIR1-mCherry","pPIR1","mCherry","mCh-7","tPIR1_modE","tPIR1","modE","bio_rep5","2",3.30166666666667,0.101414323424521,FALSE,FALSE
"pPIR1-mCherry-tPIR1_modE","pPIR1-mCherry","pPIR1","mCherry","mCh-7","tPIR1_modE","tPIR1","modE","bio_rep6","2",2.74,0.149684838077366,FALSE,FALSE
"pPIR1-mCherry-tPIR1_modE","pPIR1-mCherry","pPIR1","mCherry","mCh-7","tPIR1_modE","tPIR1","modE","bio_rep1","1",3.30333333333333,0.101297232651243,FALSE,FALSE
"pPIR1-mCherry-tPIR1_modE","pPIR1-mCherry","pPIR1","mCherry","mCh-7","tPIR1_modE","tPIR1","modE","bio_rep2","1",2.89,0.134903529563054,FALSE,FALSE
"pPIR1-mCherry-tPIR1_modE","pPIR1-mCherry","pPIR1","mCherry","mCh-7","tPIR1_modE","tPIR1","modE","bio_rep3","1",3.18166666666667,0.11021048082492,FALSE,FALSE
"pPIR1-mCherry-tPIR1_modE","pPIR1-mCherry","pPIR1","mCherry","PGK1-ORF","tPIR1_modE","tPIR1","modE","bio_rep4","2",-0.725,1.65290063630842,FALSE,FALSE
"pPIR1-mCherry-tPIR1_modE","pPIR1-mCherry","pPIR1","mCherry","PGK1-ORF","tPIR1_modE","tPIR1","modE","bio_rep5","2",-0.628333333333334,1.54577820864186,FALSE,FALSE
"pPIR1-mCherry-tPIR1_modE","pPIR1-mCherry","pPIR1","mCherry","PGK1-ORF","tPIR1_modE","tPIR1","modE","bio_rep6","2",-0.370000000000001,1.29235283063749,FALSE,FALSE
"pPIR1-mCherry-tPIR1_modE","pPIR1-mCherry","pPIR1","mCherry","PGK1-ORF","tPIR1_modE","tPIR1","modE","bio_rep1","1",-0.596666666666666,1.51221856023982,FALSE,FALSE
"pPIR1-mCherry-tPIR1_modE","pPIR1-mCherry","pPIR1","mCherry","PGK1-ORF","tPIR1_modE","tPIR1","modE","bio_rep2","1",-0.690000000000001,1.61328351844425,FALSE,FALSE
"pPIR1-mCherry-tPIR1_modE","pPIR1-mCherry","pPIR1","mCherry","PGK1-ORF","tPIR1_modE","tPIR1","modE","bio_rep3","1",-0.558333333333334,1.47256705810053,FALSE,FALSE
"pPIR1-mCherry-tPIR1_modE","pPIR1-mCherry","pPIR1","mCherry","PIR1-ORF","tPIR1_modE","tPIR1","modE","bio_rep4","2",0.154999999999999,0.898132372883935,FALSE,FALSE
"pPIR1-mCherry-tPIR1_modE","pPIR1-mCherry","pPIR1","mCherry","PIR1-ORF","tPIR1_modE","tPIR1","modE","bio_rep5","2",0.211666666666666,0.863539055413934,FALSE,FALSE
"pPIR1-mCherry-tPIR1_modE","pPIR1-mCherry","pPIR1","mCherry","PIR1-ORF","tPIR1_modE","tPIR1","modE","bio_rep6","2",0.35,0.784584097896751,FALSE,FALSE
"pPIR1-mCherry-tPIR1_modE","pPIR1-mCherry","pPIR1","mCherry","PIR1-ORF","tPIR1_modE","tPIR1","modE","bio_rep1","1",0.423333333333334,0.745699700225188,FALSE,FALSE
"pPIR1-mCherry-tPIR1_modE","pPIR1-mCherry","pPIR1","mCherry","PIR1-ORF","tPIR1_modE","tPIR1","modE","bio_rep2","1",0.279999999999999,0.823591017267573,FALSE,FALSE
"pPIR1-mCherry-tPIR1_modE","pPIR1-mCherry","pPIR1","mCherry","PIR1-ORF","tPIR1_modE","tPIR1","modE","bio_rep3","1",0.421666666666667,0.746561664093771,FALSE,FALSE
"pPIR1-mCherry-tPIR1_modE","pPIR1-mCherry","pPIR1","mCherry","URA3-ORF","tPIR1_modE","tPIR1","modE","bio_rep4","2",0.725,0.604997044609646,FALSE,FALSE
"pPIR1-mCherry-tPIR1_modE","pPIR1-mCherry","pPIR1","mCherry","URA3-ORF","tPIR1_modE","tPIR1","modE","bio_rep5","2",0.541666666666666,0.686976823729045,FALSE,FALSE
"pPIR1-mCherry-tPIR1_modE","pPIR1-mCherry","pPIR1","mCherry","URA3-ORF","tPIR1_modE","tPIR1","modE","bio_rep6","2",0.41,0.752623373705534,FALSE,FALSE
"pPIR1-mCherry-tPIR1_modE","pPIR1-mCherry","pPIR1","mCherry","URA3-ORF","tPIR1_modE","tPIR1","modE","bio_rep1","1",0.663333333333334,0.63141772559582,FALSE,FALSE
"pPIR1-mCherry-tPIR1_modE","pPIR1-mCherry","pPIR1","mCherry","URA3-ORF","tPIR1_modE","tPIR1","modE","bio_rep2","1",0.58,0.668963777393056,FALSE,FALSE
"pPIR1-mCherry-tPIR1_modE","pPIR1-mCherry","pPIR1","mCherry","URA3-ORF","tPIR1_modE","tPIR1","modE","bio_rep3","1",0.681666666666667,0.623444626793049,FALSE,FALSE
"pPIR1-mCherry-tPIR1_modF","pPIR1-mCherry","pPIR1","mCherry","mCh-7","tPIR1_modF","tPIR1","modF","bio_rep4","2",2.32333333333333,0.199805287430656,FALSE,FALSE
"pPIR1-mCherry-tPIR1_modF","pPIR1-mCherry","pPIR1","mCherry","mCh-7","tPIR1_modF","tPIR1","modF","bio_rep5","2",2.26333333333333,0.208290170981478,FALSE,FALSE
"pPIR1-mCherry-tPIR1_modF","pPIR1-mCherry","pPIR1","mCherry","mCh-7","tPIR1_modF","tPIR1","modF","bio_rep6","2",2.21666666666667,0.215137859311083,FALSE,FALSE
"pPIR1-mCherry-tPIR1_modF","pPIR1-mCherry","pPIR1","mCherry","mCh-7","tPIR1_modF","tPIR1","modF","bio_rep1","1",2.35166666666667,0.195919558538158,FALSE,FALSE
"pPIR1-mCherry-tPIR1_modF","pPIR1-mCherry","pPIR1","mCherry","mCh-7","tPIR1_modF","tPIR1","modF","bio_rep2","1",2.25,0.210224103813429,FALSE,FALSE
"pPIR1-mCherry-tPIR1_modF","pPIR1-mCherry","pPIR1","mCherry","mCh-7","tPIR1_modF","tPIR1","modF","bio_rep3","1",2.335,0.198196034152571,FALSE,FALSE
"pPIR1-mCherry-tPIR1_modF","pPIR1-mCherry","pPIR1","mCherry","PGK1-ORF","tPIR1_modF","tPIR1","modF","bio_rep4","2",-0.126666666666667,1.09176826457064,FALSE,FALSE
"pPIR1-mCherry-tPIR1_modF","pPIR1-mCherry","pPIR1","mCherry","PGK1-ORF","tPIR1_modF","tPIR1","modF","bio_rep5","2",-0.0366666666666671,1.02574112143402,FALSE,FALSE
"pPIR1-mCherry-tPIR1_modF","pPIR1-mCherry","pPIR1","mCherry","PGK1-ORF","tPIR1_modF","tPIR1","modF","bio_rep6","2",-0.263333333333334,1.20024866666527,FALSE,FALSE
"pPIR1-mCherry-tPIR1_modF","pPIR1-mCherry","pPIR1","mCherry","PGK1-ORF","tPIR1_modF","tPIR1","modF","bio_rep1","1",-0.518333333333334,1.43229963445783,FALSE,FALSE
"pPIR1-mCherry-tPIR1_modF","pPIR1-mCherry","pPIR1","mCherry","PGK1-ORF","tPIR1_modF","tPIR1","modF","bio_rep2","1",-0.75,1.68179283050743,FALSE,FALSE
"pPIR1-mCherry-tPIR1_modF","pPIR1-mCherry","pPIR1","mCherry","PGK1-ORF","tPIR1_modF","tPIR1","modF","bio_rep3","1",-0.725,1.65290063630842,FALSE,FALSE
"pPIR1-mCherry-tPIR1_modF","pPIR1-mCherry","pPIR1","mCherry","PIR1-ORF","tPIR1_modF","tPIR1","modF","bio_rep4","2",0.303333333333333,0.810377861209943,FALSE,FALSE
"pPIR1-mCherry-tPIR1_modF","pPIR1-mCherry","pPIR1","mCherry","PIR1-ORF","tPIR1_modF","tPIR1","modF","bio_rep5","2",0.193333333333333,0.874582670055836,FALSE,FALSE
"pPIR1-mCherry-tPIR1_modF","pPIR1-mCherry","pPIR1","mCherry","PIR1-ORF","tPIR1_modF","tPIR1","modF","bio_rep6","2",0.206666666666665,0.866537045842465,FALSE,FALSE
"pPIR1-mCherry-tPIR1_modF","pPIR1-mCherry","pPIR1","mCherry","PIR1-ORF","tPIR1_modF","tPIR1","modF","bio_rep1","1",0.411666666666667,0.751754411118803,FALSE,FALSE
"pPIR1-mCherry-tPIR1_modF","pPIR1-mCherry","pPIR1","mCherry","PIR1-ORF","tPIR1_modF","tPIR1","modF","bio_rep2","1",0.17,0.88884268116657,FALSE,FALSE
"pPIR1-mCherry-tPIR1_modF","pPIR1-mCherry","pPIR1","mCherry","PIR1-ORF","tPIR1_modF","tPIR1","modF","bio_rep3","1",0.225,0.855595025682602,FALSE,FALSE
"pPIR1-mCherry-tPIR1_modF","pPIR1-mCherry","pPIR1","mCherry","URA3-ORF","tPIR1_modF","tPIR1","modF","bio_rep4","2",0.443333333333333,0.735433432092975,FALSE,FALSE
"pPIR1-mCherry-tPIR1_modF","pPIR1-mCherry","pPIR1","mCherry","URA3-ORF","tPIR1_modF","tPIR1","modF","bio_rep5","2",0.183333333333334,0.880665873596148,FALSE,FALSE
"pPIR1-mCherry-tPIR1_modF","pPIR1-mCherry","pPIR1","mCherry","URA3-ORF","tPIR1_modF","tPIR1","modF","bio_rep6","2",0.246666666666666,0.8428415447547,FALSE,FALSE
"pPIR1-mCherry-tPIR1_modF","pPIR1-mCherry","pPIR1","mCherry","URA3-ORF","tPIR1_modF","tPIR1","modF","bio_rep1","1",0.461666666666666,0.726146896129156,FALSE,FALSE
"pPIR1-mCherry-tPIR1_modF","pPIR1-mCherry","pPIR1","mCherry","URA3-ORF","tPIR1_modF","tPIR1","modF","bio_rep2","1",0.67,0.628506687260914,FALSE,FALSE
"pPIR1-mCherry-tPIR1_modF","pPIR1-mCherry","pPIR1","mCherry","URA3-ORF","tPIR1_modF","tPIR1","modF","bio_rep3","1",0.705,0.613442488626902,FALSE,FALSE
"pPIR1-mCherry-tPIR1_modG","pPIR1-mCherry","pPIR1","mCherry","mCh-7","tPIR1_modG","tPIR1","modG","bio_rep4","2",2.62666666666667,0.161917781486493,FALSE,FALSE
"pPIR1-mCherry-tPIR1_modG","pPIR1-mCherry","pPIR1","mCherry","mCh-7","tPIR1_modG","tPIR1","modG","bio_rep5","2",2.65833333333333,0.158402462285883,FALSE,FALSE
"pPIR1-mCherry-tPIR1_modG","pPIR1-mCherry","pPIR1","mCherry","mCh-7","tPIR1_modG","tPIR1","modG","bio_rep6","2",2.715,0.152301282959399,FALSE,FALSE
"pPIR1-mCherry-tPIR1_modG","pPIR1-mCherry","pPIR1","mCherry","mCh-7","tPIR1_modG","tPIR1","modG","bio_rep1","1",2.67833333333333,0.156221688778614,FALSE,FALSE
"pPIR1-mCherry-tPIR1_modG","pPIR1-mCherry","pPIR1","mCherry","mCh-7","tPIR1_modG","tPIR1","modG","bio_rep2","1",2.635,0.160985203688728,FALSE,FALSE
"pPIR1-mCherry-tPIR1_modG","pPIR1-mCherry","pPIR1","mCherry","mCh-7","tPIR1_modG","tPIR1","modG","bio_rep3","1",2.44166666666667,0.184070882262566,FALSE,FALSE
"pPIR1-mCherry-tPIR1_modG","pPIR1-mCherry","pPIR1","mCherry","PGK1-ORF","tPIR1_modG","tPIR1","modG","bio_rep4","2",-0.543333333333333,1.45733579106694,FALSE,FALSE
"pPIR1-mCherry-tPIR1_modG","pPIR1-mCherry","pPIR1","mCherry","PGK1-ORF","tPIR1_modG","tPIR1","modG","bio_rep5","2",-0.591666666666667,1.50698668147458,FALSE,FALSE
"pPIR1-mCherry-tPIR1_modG","pPIR1-mCherry","pPIR1","mCherry","PGK1-ORF","tPIR1_modG","tPIR1","modG","bio_rep6","2",-0.465,1.38031735339663,FALSE,FALSE
"pPIR1-mCherry-tPIR1_modG","pPIR1-mCherry","pPIR1","mCherry","PGK1-ORF","tPIR1_modG","tPIR1","modG","bio_rep1","1",-0.631666666666668,1.54935384381055,FALSE,FALSE
"pPIR1-mCherry-tPIR1_modG","pPIR1-mCherry","pPIR1","mCherry","PGK1-ORF","tPIR1_modG","tPIR1","modG","bio_rep2","1",-0.645,1.56373928625719,FALSE,FALSE
"pPIR1-mCherry-tPIR1_modG","pPIR1-mCherry","pPIR1","mCherry","PGK1-ORF","tPIR1_modG","tPIR1","modG","bio_rep3","1",-0.478333333333333,1.39313332563222,FALSE,FALSE
"pPIR1-mCherry-tPIR1_modG","pPIR1-mCherry","pPIR1","mCherry","PIR1-ORF","tPIR1_modG","tPIR1","modG","bio_rep4","2",0.316666666666668,0.802922881863376,FALSE,FALSE
"pPIR1-mCherry-tPIR1_modG","pPIR1-mCherry","pPIR1","mCherry","PIR1-ORF","tPIR1_modG","tPIR1","modG","bio_rep5","2",-0.141666666666666,1.10317882216375,FALSE,FALSE
"pPIR1-mCherry-tPIR1_modG","pPIR1-mCherry","pPIR1","mCherry","PIR1-ORF","tPIR1_modG","tPIR1","modG","bio_rep6","2",0.225,0.855595025682602,FALSE,FALSE
"pPIR1-mCherry-tPIR1_modG","pPIR1-mCherry","pPIR1","mCherry","PIR1-ORF","tPIR1_modG","tPIR1","modG","bio_rep1","1",0.478333333333333,0.717806387659408,FALSE,FALSE
"pPIR1-mCherry-tPIR1_modG","pPIR1-mCherry","pPIR1","mCherry","PIR1-ORF","tPIR1_modG","tPIR1","modG","bio_rep2","1",0.425000000000001,0.744838731561351,FALSE,FALSE
"pPIR1-mCherry-tPIR1_modG","pPIR1-mCherry","pPIR1","mCherry","PIR1-ORF","tPIR1_modG","tPIR1","modG","bio_rep3","1",0.341666666666667,0.789129147338641,FALSE,FALSE
"pPIR1-mCherry-tPIR1_modG","pPIR1-mCherry","pPIR1","mCherry","URA3-ORF","tPIR1_modG","tPIR1","modG","bio_rep4","2",0.466666666666667,0.723634618720189,FALSE,FALSE
"pPIR1-mCherry-tPIR1_modG","pPIR1-mCherry","pPIR1","mCherry","URA3-ORF","tPIR1_modG","tPIR1","modG","bio_rep5","2",0.538333333333334,0.688565912304151,FALSE,FALSE
"pPIR1-mCherry-tPIR1_modG","pPIR1-mCherry","pPIR1","mCherry","URA3-ORF","tPIR1_modG","tPIR1","modG","bio_rep6","2",0.605,0.657471380102535,FALSE,FALSE
"pPIR1-mCherry-tPIR1_modG","pPIR1-mCherry","pPIR1","mCherry","URA3-ORF","tPIR1_modG","tPIR1","modG","bio_rep1","1",0.598333333333333,0.66051657346384,FALSE,FALSE
"pPIR1-mCherry-tPIR1_modG","pPIR1-mCherry","pPIR1","mCherry","URA3-ORF","tPIR1_modG","tPIR1","modG","bio_rep2","1",0.654999999999999,0.635075491269395,FALSE,FALSE
"pPIR1-mCherry-tPIR1_modG","pPIR1-mCherry","pPIR1","mCherry","URA3-ORF","tPIR1_modG","tPIR1","modG","bio_rep3","1",0.561666666666666,0.677519010790554,FALSE,FALSE
"pPGK1-mCherry-tPIR1_WT","pPGK1-mCherry","pPGK1","mCherry","mCh-7","tPIR1_WT","tPIR1","WT","bio_rep4","2",0.756666666666666,0.591862244294918,FALSE,FALSE
"pPGK1-mCherry-tPIR1_WT","pPGK1-mCherry","pPGK1","mCherry","mCh-7","tPIR1_WT","tPIR1","WT","bio_rep5","2",1.01,0.496546247718518,FALSE,FALSE
"pPGK1-mCherry-tPIR1_WT","pPGK1-mCherry","pPGK1","mCherry","mCh-7","tPIR1_WT","tPIR1","WT","bio_rep6","2",0.815,0.568408486618007,FALSE,FALSE
"pPGK1-mCherry-tPIR1_WT","pPGK1-mCherry","pPGK1","mCherry","mCh-7","tPIR1_WT","tPIR1","WT","bio_rep1","1",0.52,0.697371833175203,FALSE,FALSE
"pPGK1-mCherry-tPIR1_WT","pPGK1-mCherry","pPGK1","mCherry","mCh-7","tPIR1_WT","tPIR1","WT","bio_rep2","1",0.471666666666668,0.721131033130761,FALSE,FALSE
"pPGK1-mCherry-tPIR1_WT","pPGK1-mCherry","pPGK1","mCherry","mCh-7","tPIR1_WT","tPIR1","WT","bio_rep3","1",0.691666666666666,0.61913818018872,FALSE,FALSE
"pPGK1-mCherry-tPIR1_WT","pPGK1-mCherry","pPGK1","mCherry","PGK1-ORF","tPIR1_WT","tPIR1","WT","bio_rep4","2",-0.483333333333334,1.39796993417902,FALSE,FALSE
"pPGK1-mCherry-tPIR1_WT","pPGK1-mCherry","pPGK1","mCherry","PGK1-ORF","tPIR1_WT","tPIR1","WT","bio_rep5","2",-0.49,1.404444875738,FALSE,FALSE
"pPGK1-mCherry-tPIR1_WT","pPGK1-mCherry","pPGK1","mCherry","PGK1-ORF","tPIR1_WT","tPIR1","WT","bio_rep6","2",-0.495000000000001,1.40932075514202,FALSE,FALSE
"pPGK1-mCherry-tPIR1_WT","pPGK1-mCherry","pPGK1","mCherry","PGK1-ORF","tPIR1_WT","tPIR1","WT","bio_rep1","1",-0.380000000000001,1.30134185544193,FALSE,FALSE
"pPGK1-mCherry-tPIR1_WT","pPGK1-mCherry","pPGK1","mCherry","PGK1-ORF","tPIR1_WT","tPIR1","WT","bio_rep2","1",-0.358333333333333,1.28194408192073,FALSE,FALSE
"pPGK1-mCherry-tPIR1_WT","pPGK1-mCherry","pPGK1","mCherry","PGK1-ORF","tPIR1_WT","tPIR1","WT","bio_rep3","1",-0.458333333333334,1.37395364745809,FALSE,FALSE
"pPGK1-mCherry-tPIR1_WT","pPGK1-mCherry","pPGK1","mCherry","PIR1-ORF","tPIR1_WT","tPIR1","WT","bio_rep4","2",0.366666666666665,0.775572380916868,FALSE,FALSE
"pPGK1-mCherry-tPIR1_WT","pPGK1-mCherry","pPGK1","mCherry","PIR1-ORF","tPIR1_WT","tPIR1","WT","bio_rep5","2",0.48,0.716977624007913,FALSE,FALSE
"pPGK1-mCherry-tPIR1_WT","pPGK1-mCherry","pPGK1","mCherry","PIR1-ORF","tPIR1_WT","tPIR1","WT","bio_rep6","2",0.514999999999999,0.699792932797599,FALSE,FALSE
"pPGK1-mCherry-tPIR1_WT","pPGK1-mCherry","pPGK1","mCherry","PIR1-ORF","tPIR1_WT","tPIR1","WT","bio_rep1","1",0.369999999999999,0.773782496771195,FALSE,FALSE
"pPGK1-mCherry-tPIR1_WT","pPGK1-mCherry","pPGK1","mCherry","PIR1-ORF","tPIR1_WT","tPIR1","WT","bio_rep2","1",0.391666666666667,0.762248511627881,FALSE,FALSE
"pPGK1-mCherry-tPIR1_WT","pPGK1-mCherry","pPGK1","mCherry","PIR1-ORF","tPIR1_WT","tPIR1","WT","bio_rep3","1",0.321666666666667,0.800144979722638,FALSE,FALSE
"pPGK1-mCherry-tPIR1_WT","pPGK1-mCherry","pPGK1","mCherry","URA3-ORF","tPIR1_WT","tPIR1","WT","bio_rep4","2",0.456666666666665,0.728667895533473,FALSE,FALSE
"pPGK1-mCherry-tPIR1_WT","pPGK1-mCherry","pPGK1","mCherry","URA3-ORF","tPIR1_WT","tPIR1","WT","bio_rep5","2",0.5,0.707106781186548,FALSE,FALSE
"pPGK1-mCherry-tPIR1_WT","pPGK1-mCherry","pPGK1","mCherry","URA3-ORF","tPIR1_WT","tPIR1","WT","bio_rep6","2",0.445,0.734584316639154,FALSE,FALSE
"pPGK1-mCherry-tPIR1_WT","pPGK1-mCherry","pPGK1","mCherry","URA3-ORF","tPIR1_WT","tPIR1","WT","bio_rep1","1",0.42,0.747424624317469,FALSE,FALSE
"pPGK1-mCherry-tPIR1_WT","pPGK1-mCherry","pPGK1","mCherry","URA3-ORF","tPIR1_WT","tPIR1","WT","bio_rep2","1",0.411666666666667,0.751754411118803,FALSE,FALSE
"pPGK1-mCherry-tPIR1_WT","pPGK1-mCherry","pPGK1","mCherry","URA3-ORF","tPIR1_WT","tPIR1","WT","bio_rep3","1",0.421666666666667,0.746561664093771,FALSE,FALSE
"pPGK1-mCherry-tPIR1_modA","pPGK1-mCherry","pPGK1","mCherry","mCh-7","tPIR1_modA","tPIR1","modA","bio_rep4","2",1.01666666666667,0.494257010176448,FALSE,FALSE
"pPGK1-mCherry-tPIR1_modA","pPGK1-mCherry","pPGK1","mCherry","mCh-7","tPIR1_modA","tPIR1","modA","bio_rep5","2",0.354999999999999,0.781869643128594,FALSE,FALSE
"pPGK1-mCherry-tPIR1_modA","pPGK1-mCherry","pPGK1","mCherry","mCh-7","tPIR1_modA","tPIR1","modA","bio_rep6","2",0.154999999999999,0.898132372883935,FALSE,FALSE
"pPGK1-mCherry-tPIR1_modA","pPGK1-mCherry","pPGK1","mCherry","mCh-7","tPIR1_modA","tPIR1","modA","bio_rep1","1",-0.126666666666667,1.09176826457064,FALSE,FALSE
"pPGK1-mCherry-tPIR1_modA","pPGK1-mCherry","pPGK1","mCherry","mCh-7","tPIR1_modA","tPIR1","modA","bio_rep2","1",0.0250000000000004,0.982820598545251,FALSE,FALSE
"pPGK1-mCherry-tPIR1_modA","pPGK1-mCherry","pPGK1","mCherry","mCh-7","tPIR1_modA","tPIR1","modA","bio_rep3","1",0.0533333333333328,0.963707118391552,FALSE,FALSE
"pPGK1-mCherry-tPIR1_modA","pPGK1-mCherry","pPGK1","mCherry","PGK1-ORF","tPIR1_modA","tPIR1","modA","bio_rep4","2",-0.373333333333333,1.29534225189195,FALSE,FALSE
"pPGK1-mCherry-tPIR1_modA","pPGK1-mCherry","pPGK1","mCherry","PGK1-ORF","tPIR1_modA","tPIR1","modA","bio_rep5","2",-0.535,1.44894215455488,FALSE,FALSE
"pPGK1-mCherry-tPIR1_modA","pPGK1-mCherry","pPGK1","mCherry","PGK1-ORF","tPIR1_modA","tPIR1","modA","bio_rep6","2",-0.525,1.43893358001082,FALSE,FALSE
"pPGK1-mCherry-tPIR1_modA","pPGK1-mCherry","pPGK1","mCherry","PGK1-ORF","tPIR1_modA","tPIR1","modA","bio_rep1","1",-0.286666666666667,1.2198186397602,FALSE,FALSE
"pPGK1-mCherry-tPIR1_modA","pPGK1-mCherry","pPGK1","mCherry","PGK1-ORF","tPIR1_modA","tPIR1","modA","bio_rep2","1",-0.365,1.28788162950983,FALSE,FALSE
"pPGK1-mCherry-tPIR1_modA","pPGK1-mCherry","pPGK1","mCherry","PGK1-ORF","tPIR1_modA","tPIR1","modA","bio_rep3","1",-0.156666666666666,1.11470863658892,FALSE,FALSE
"pPGK1-mCherry-tPIR1_modA","pPGK1-mCherry","pPGK1","mCherry","PIR1-ORF","tPIR1_modA","tPIR1","modA","bio_rep4","2",0.536666666666667,0.689361834492889,FALSE,FALSE
"pPGK1-mCherry-tPIR1_modA","pPGK1-mCherry","pPGK1","mCherry","PIR1-ORF","tPIR1_modA","tPIR1","modA","bio_rep5","2",0.444999999999999,0.734584316639155,FALSE,FALSE
"pPGK1-mCherry-tPIR1_modA","pPGK1-mCherry","pPGK1","mCherry","PIR1-ORF","tPIR1_modA","tPIR1","modA","bio_rep6","2",0.744999999999999,0.596667871515861,FALSE,FALSE
"pPGK1-mCherry-tPIR1_modA","pPGK1-mCherry","pPGK1","mCherry","PIR1-ORF","tPIR1_modA","tPIR1","modA","bio_rep1","1",0.433333333333334,0.740548776143282,FALSE,FALSE
"pPGK1-mCherry-tPIR1_modA","pPGK1-mCherry","pPGK1","mCherry","PIR1-ORF","tPIR1_modA","tPIR1","modA","bio_rep2","1",0.424999999999999,0.744838731561352,FALSE,FALSE
"pPGK1-mCherry-tPIR1_modA","pPGK1-mCherry","pPGK1","mCherry","PIR1-ORF","tPIR1_modA","tPIR1","modA","bio_rep3","1",0.353333333333333,0.7827734162991,FALSE,FALSE
"pPGK1-mCherry-tPIR1_modA","pPGK1-mCherry","pPGK1","mCherry","URA3-ORF","tPIR1_modA","tPIR1","modA","bio_rep4","2",0.406666666666666,0.754364313375117,FALSE,FALSE
"pPGK1-mCherry-tPIR1_modA","pPGK1-mCherry","pPGK1","mCherry","URA3-ORF","tPIR1_modA","tPIR1","modA","bio_rep5","2",0.535,0.690158676698315,FALSE,FALSE
"pPGK1-mCherry-tPIR1_modA","pPGK1-mCherry","pPGK1","mCherry","URA3-ORF","tPIR1_modA","tPIR1","modA","bio_rep6","2",0.305,0.809442216547409,FALSE,FALSE
"pPGK1-mCherry-tPIR1_modA","pPGK1-mCherry","pPGK1","mCherry","URA3-ORF","tPIR1_modA","tPIR1","modA","bio_rep1","1",0.213333333333333,0.862542031992191,FALSE,FALSE
"pPGK1-mCherry-tPIR1_modA","pPGK1-mCherry","pPGK1","mCherry","URA3-ORF","tPIR1_modA","tPIR1","modA","bio_rep2","1",0.324999999999999,0.79829838635665,FALSE,FALSE
"pPGK1-mCherry-tPIR1_modA","pPGK1-mCherry","pPGK1","mCherry","URA3-ORF","tPIR1_modA","tPIR1","modA","bio_rep3","1",0.193333333333333,0.874582670055836,FALSE,FALSE
"pPGK1-mCherry-tPIR1_modB","pPGK1-mCherry","pPGK1","mCherry","mCh-7","tPIR1_modB","tPIR1","modB","bio_rep4","2",0.43,0.742261785314525,FALSE,FALSE
"pPGK1-mCherry-tPIR1_modB","pPGK1-mCherry","pPGK1","mCherry","mCh-7","tPIR1_modB","tPIR1","modB","bio_rep5","2",0.605,0.657471380102535,FALSE,FALSE
"pPGK1-mCherry-tPIR1_modB","pPGK1-mCherry","pPGK1","mCherry","mCh-7","tPIR1_modB","tPIR1","modB","bio_rep6","2",0.51,0.702222437868999,FALSE,FALSE
"pPGK1-mCherry-tPIR1_modB","pPGK1-mCherry","pPGK1","mCherry","mCh-7","tPIR1_modB","tPIR1","modB","bio_rep1","1",0.283333333333333,0.82169031458579,FALSE,FALSE
"pPGK1-mCherry-tPIR1_modB","pPGK1-mCherry","pPGK1","mCherry","mCh-7","tPIR1_modB","tPIR1","modB","bio_rep2","1",0.49,0.712025097798536,FALSE,FALSE
"pPGK1-mCherry-tPIR1_modB","pPGK1-mCherry","pPGK1","mCherry","mCh-7","tPIR1_modB","tPIR1","modB","bio_rep3","1",0.618333333333332,0.651423046609929,FALSE,FALSE
"pPGK1-mCherry-tPIR1_modB","pPGK1-mCherry","pPGK1","mCherry","PGK1-ORF","tPIR1_modB","tPIR1","modB","bio_rep4","2",-0.449999999999999,1.36604025675439,FALSE,FALSE
"pPGK1-mCherry-tPIR1_modB","pPGK1-mCherry","pPGK1","mCherry","PGK1-ORF","tPIR1_modB","tPIR1","modB","bio_rep5","2",-0.484999999999999,1.3995858655952,FALSE,FALSE
"pPGK1-mCherry-tPIR1_modB","pPGK1-mCherry","pPGK1","mCherry","PGK1-ORF","tPIR1_modB","tPIR1","modB","bio_rep6","2",-0.220000000000001,1.16473358646846,FALSE,FALSE
"pPGK1-mCherry-tPIR1_modB","pPGK1-mCherry","pPGK1","mCherry","PGK1-ORF","tPIR1_modB","tPIR1","modB","bio_rep1","1",-0.216666666666667,1.16204558695784,FALSE,FALSE
"pPGK1-mCherry-tPIR1_modB","pPGK1-mCherry","pPGK1","mCherry","PGK1-ORF","tPIR1_modB","tPIR1","modB","bio_rep2","1",-0.43,1.34723357686569,FALSE,FALSE
"pPGK1-mCherry-tPIR1_modB","pPGK1-mCherry","pPGK1","mCherry","PGK1-ORF","tPIR1_modB","tPIR1","modB","bio_rep3","1",-0.391666666666667,1.31190810443745,FALSE,FALSE
"pPGK1-mCherry-tPIR1_modB","pPGK1-mCherry","pPGK1","mCherry","PIR1-ORF","tPIR1_modB","tPIR1","modB","bio_rep4","2",0.550000000000001,0.683020128377197,FALSE,FALSE
"pPGK1-mCherry-tPIR1_modB","pPGK1-mCherry","pPGK1","mCherry","PIR1-ORF","tPIR1_modB","tPIR1","modB","bio_rep5","2",0.574999999999999,0.671286251390132,FALSE,FALSE
"pPGK1-mCherry-tPIR1_modB","pPGK1-mCherry","pPGK1","mCherry","PIR1-ORF","tPIR1_modB","tPIR1","modB","bio_rep6","2",0.289999999999999,0.817902058557782,FALSE,FALSE
"pPGK1-mCherry-tPIR1_modB","pPGK1-mCherry","pPGK1","mCherry","PIR1-ORF","tPIR1_modB","tPIR1","modB","bio_rep1","1",0.373333333333333,0.771996743362168,FALSE,FALSE
"pPGK1-mCherry-tPIR1_modB","pPGK1-mCherry","pPGK1","mCherry","PIR1-ORF","tPIR1_modB","tPIR1","modB","bio_rep2","1",0.469999999999999,0.721964597761249,FALSE,FALSE
"pPGK1-mCherry-tPIR1_modB","pPGK1-mCherry","pPGK1","mCherry","PIR1-ORF","tPIR1_modB","tPIR1","modB","bio_rep3","1",0.508333333333333,0.703034145811175,FALSE,FALSE
"pPGK1-mCherry-tPIR1_modB","pPGK1-mCherry","pPGK1","mCherry","URA3-ORF","tPIR1_modB","tPIR1","modB","bio_rep4","2",0.550000000000001,0.683020128377197,FALSE,FALSE
"pPGK1-mCherry-tPIR1_modB","pPGK1-mCherry","pPGK1","mCherry","URA3-ORF","tPIR1_modB","tPIR1","modB","bio_rep5","2",0.645,0.639492790638715,FALSE,FALSE
"pPGK1-mCherry-tPIR1_modB","pPGK1-mCherry","pPGK1","mCherry","URA3-ORF","tPIR1_modB","tPIR1","modB","bio_rep6","2",0.32,0.801069877589622,FALSE,FALSE
"pPGK1-mCherry-tPIR1_modB","pPGK1-mCherry","pPGK1","mCherry","URA3-ORF","tPIR1_modB","tPIR1","modB","bio_rep1","1",0.253333333333334,0.83895577476825,FALSE,FALSE
"pPGK1-mCherry-tPIR1_modB","pPGK1-mCherry","pPGK1","mCherry","URA3-ORF","tPIR1_modB","tPIR1","modB","bio_rep2","1",0.379999999999999,0.768437590644007,FALSE,FALSE
"pPGK1-mCherry-tPIR1_modB","pPGK1-mCherry","pPGK1","mCherry","URA3-ORF","tPIR1_modB","tPIR1","modB","bio_rep3","1",0.358333333333333,0.780065226013374,FALSE,FALSE
"pPGK1-mCherry-tPIR1_modC","pPGK1-mCherry","pPGK1","mCherry","mCh-7","tPIR1_modC","tPIR1","modC","bio_rep4","2",0.815,0.568408486618007,FALSE,FALSE
"pPGK1-mCherry-tPIR1_modC","pPGK1-mCherry","pPGK1","mCherry","mCh-7","tPIR1_modC","tPIR1","modC","bio_rep5","2",1.23666666666667,0.424351985654561,FALSE,FALSE
"pPGK1-mCherry-tPIR1_modC","pPGK1-mCherry","pPGK1","mCherry","mCh-7","tPIR1_modC","tPIR1","modC","bio_rep6","2",0.731666666666667,0.602207814092398,FALSE,FALSE
"pPGK1-mCherry-tPIR1_modC","pPGK1-mCherry","pPGK1","mCherry","mCh-7","tPIR1_modC","tPIR1","modC","bio_rep1","1",0.416666666666668,0.74915353843834,FALSE,FALSE
"pPGK1-mCherry-tPIR1_modC","pPGK1-mCherry","pPGK1","mCherry","mCh-7","tPIR1_modC","tPIR1","modC","bio_rep2","1",0.341666666666665,0.789129147338642,FALSE,FALSE
"pPGK1-mCherry-tPIR1_modC","pPGK1-mCherry","pPGK1","mCherry","mCh-7","tPIR1_modC","tPIR1","modC","bio_rep3","1",0.541666666666666,0.686976823729045,FALSE,FALSE
"pPGK1-mCherry-tPIR1_modC","pPGK1-mCherry","pPGK1","mCherry","PGK1-ORF","tPIR1_modC","tPIR1","modC","bio_rep4","2",-0.345000000000001,1.27015098253879,FALSE,FALSE
"pPGK1-mCherry-tPIR1_modC","pPGK1-mCherry","pPGK1","mCherry","PGK1-ORF","tPIR1_modC","tPIR1","modC","bio_rep5","2",-0.473333333333333,1.38831345047979,FALSE,FALSE
"pPGK1-mCherry-tPIR1_modC","pPGK1-mCherry","pPGK1","mCherry","PGK1-ORF","tPIR1_modC","tPIR1","modC","bio_rep6","2",-0.438333333333333,1.35503802158111,FALSE,FALSE
"pPGK1-mCherry-tPIR1_modC","pPGK1-mCherry","pPGK1","mCherry","PGK1-ORF","tPIR1_modC","tPIR1","modC","bio_rep1","1",-0.283333333333333,1.21700351367059,FALSE,FALSE
"pPGK1-mCherry-tPIR1_modC","pPGK1-mCherry","pPGK1","mCherry","PGK1-ORF","tPIR1_modC","tPIR1","modC","bio_rep2","1",-0.418333333333335,1.33638281271527,FALSE,FALSE
"pPGK1-mCherry-tPIR1_modC","pPGK1-mCherry","pPGK1","mCherry","PGK1-ORF","tPIR1_modC","tPIR1","modC","bio_rep3","1",-0.308333333333334,1.23827636037744,FALSE,FALSE
"pPGK1-mCherry-tPIR1_modC","pPGK1-mCherry","pPGK1","mCherry","PIR1-ORF","tPIR1_modC","tPIR1","modC","bio_rep4","2",0.395,0.760489376620505,FALSE,FALSE
"pPGK1-mCherry-tPIR1_modC","pPGK1-mCherry","pPGK1","mCherry","PIR1-ORF","tPIR1_modC","tPIR1","modC","bio_rep5","2",0.526666666666667,0.694156725239895,FALSE,FALSE
"pPGK1-mCherry-tPIR1_modC","pPGK1-mCherry","pPGK1","mCherry","PIR1-ORF","tPIR1_modC","tPIR1","modC","bio_rep6","2",0.0616666666666674,0.958156573825603,FALSE,FALSE
"pPGK1-mCherry-tPIR1_modC","pPGK1-mCherry","pPGK1","mCherry","PIR1-ORF","tPIR1_modC","tPIR1","modC","bio_rep1","1",0.506666666666668,0.703846792016994,FALSE,FALSE
"pPGK1-mCherry-tPIR1_modC","pPGK1-mCherry","pPGK1","mCherry","PIR1-ORF","tPIR1_modC","tPIR1","modC","bio_rep2","1",0.511666666666665,0.701411667107168,FALSE,FALSE
"pPGK1-mCherry-tPIR1_modC","pPGK1-mCherry","pPGK1","mCherry","PIR1-ORF","tPIR1_modC","tPIR1","modC","bio_rep3","1",0.481666666666666,0.716149817228916,FALSE,FALSE
"pPGK1-mCherry-tPIR1_modC","pPGK1-mCherry","pPGK1","mCherry","URA3-ORF","tPIR1_modC","tPIR1","modC","bio_rep4","2",0.414999999999999,0.75001949464291,FALSE,FALSE
"pPGK1-mCherry-tPIR1_modC","pPGK1-mCherry","pPGK1","mCherry","URA3-ORF","tPIR1_modC","tPIR1","modC","bio_rep5","2",0.436666666666667,0.738839720294814,FALSE,FALSE
"pPGK1-mCherry-tPIR1_modC","pPGK1-mCherry","pPGK1","mCherry","URA3-ORF","tPIR1_modC","tPIR1","modC","bio_rep6","2",0.571666666666667,0.672839045132022,FALSE,FALSE
"pPGK1-mCherry-tPIR1_modC","pPGK1-mCherry","pPGK1","mCherry","URA3-ORF","tPIR1_modC","tPIR1","modC","bio_rep1","1",0.406666666666668,0.754364313375116,FALSE,FALSE
"pPGK1-mCherry-tPIR1_modC","pPGK1-mCherry","pPGK1","mCherry","URA3-ORF","tPIR1_modC","tPIR1","modC","bio_rep2","1",0.421666666666665,0.746561664093772,FALSE,FALSE
"pPGK1-mCherry-tPIR1_modC","pPGK1-mCherry","pPGK1","mCherry","URA3-ORF","tPIR1_modC","tPIR1","modC","bio_rep3","1",0.271666666666667,0.828362031494618,FALSE,FALSE
"pPGK1-mCherry-tPIR1_modD","pPGK1-mCherry","pPGK1","mCherry","mCh-7","tPIR1_modD","tPIR1","modD","bio_rep4","2",0.75,0.594603557501361,FALSE,FALSE
"pPGK1-mCherry-tPIR1_modD","pPGK1-mCherry","pPGK1","mCherry","mCh-7","tPIR1_modD","tPIR1","modD","bio_rep5","2",0.838333333333333,0.559289312318265,FALSE,FALSE
"pPGK1-mCherry-tPIR1_modD","pPGK1-mCherry","pPGK1","mCherry","mCh-7","tPIR1_modD","tPIR1","modD","bio_rep6","2",0.708333333333334,0.612026771652327,FALSE,FALSE
"pPGK1-mCherry-tPIR1_modD","pPGK1-mCherry","pPGK1","mCherry","mCh-7","tPIR1_modD","tPIR1","modD","bio_rep1","1",0.676666666666668,0.625609069746874,FALSE,FALSE
"pPGK1-mCherry-tPIR1_modD","pPGK1-mCherry","pPGK1","mCherry","mCh-7","tPIR1_modD","tPIR1","modD","bio_rep2","1",0.778333333333332,0.583039958496168,FALSE,FALSE
"pPGK1-mCherry-tPIR1_modD","pPGK1-mCherry","pPGK1","mCherry","mCh-7","tPIR1_modD","tPIR1","modD","bio_rep3","1",0.708333333333334,0.612026771652327,FALSE,FALSE
"pPGK1-mCherry-tPIR1_modD","pPGK1-mCherry","pPGK1","mCherry","PGK1-ORF","tPIR1_modD","tPIR1","modD","bio_rep4","2",-0.469999999999999,1.38510946811092,FALSE,FALSE
"pPGK1-mCherry-tPIR1_modD","pPGK1-mCherry","pPGK1","mCherry","PGK1-ORF","tPIR1_modD","tPIR1","modD","bio_rep5","2",-0.331666666666667,1.25846637243887,FALSE,FALSE
"pPGK1-mCherry-tPIR1_modD","pPGK1-mCherry","pPGK1","mCherry","PGK1-ORF","tPIR1_modD","tPIR1","modD","bio_rep6","2",-0.401666666666667,1.32103314692768,FALSE,FALSE
"pPGK1-mCherry-tPIR1_modD","pPGK1-mCherry","pPGK1","mCherry","PGK1-ORF","tPIR1_modD","tPIR1","modD","bio_rep1","1",-0.243333333333332,1.18372448858983,FALSE,FALSE
"pPGK1-mCherry-tPIR1_modD","pPGK1-mCherry","pPGK1","mCherry","PGK1-ORF","tPIR1_modD","tPIR1","modD","bio_rep2","1",-0.211666666666666,1.15802521464493,FALSE,FALSE
"pPGK1-mCherry-tPIR1_modD","pPGK1-mCherry","pPGK1","mCherry","PGK1-ORF","tPIR1_modD","tPIR1","modD","bio_rep3","1",-0.101666666666667,1.07301233925803,FALSE,FALSE
"pPGK1-mCherry-tPIR1_modD","pPGK1-mCherry","pPGK1","mCherry","PIR1-ORF","tPIR1_modD","tPIR1","modD","bio_rep4","2",0.180000000000001,0.882702996290654,FALSE,FALSE
"pPGK1-mCherry-tPIR1_modD","pPGK1-mCherry","pPGK1","mCherry","PIR1-ORF","tPIR1_modD","tPIR1","modD","bio_rep5","2",0.748333333333333,0.595290867396406,FALSE,FALSE
"pPGK1-mCherry-tPIR1_modD","pPGK1-mCherry","pPGK1","mCherry","PIR1-ORF","tPIR1_modD","tPIR1","modD","bio_rep6","2",0.508333333333333,0.703034145811175,FALSE,FALSE
"pPGK1-mCherry-tPIR1_modD","pPGK1-mCherry","pPGK1","mCherry","PIR1-ORF","tPIR1_modD","tPIR1","modD","bio_rep1","1",0.476666666666667,0.718636109289461,FALSE,FALSE
"pPGK1-mCherry-tPIR1_modD","pPGK1-mCherry","pPGK1","mCherry","PIR1-ORF","tPIR1_modD","tPIR1","modD","bio_rep2","1",0.698333333333332,0.616283754498608,FALSE,FALSE
"pPGK1-mCherry-tPIR1_modD","pPGK1-mCherry","pPGK1","mCherry","PIR1-ORF","tPIR1_modD","tPIR1","modD","bio_rep3","1",0.568333333333333,0.674395430737146,FALSE,FALSE
"pPGK1-mCherry-tPIR1_modD","pPGK1-mCherry","pPGK1","mCherry","URA3-ORF","tPIR1_modD","tPIR1","modD","bio_rep4","2",0.520000000000001,0.697371833175202,FALSE,FALSE
"pPGK1-mCherry-tPIR1_modD","pPGK1-mCherry","pPGK1","mCherry","URA3-ORF","tPIR1_modD","tPIR1","modD","bio_rep5","2",0.168333333333333,0.889870105846758,FALSE,FALSE
"pPGK1-mCherry-tPIR1_modD","pPGK1-mCherry","pPGK1","mCherry","URA3-ORF","tPIR1_modD","tPIR1","modD","bio_rep6","2",0.318333333333333,0.801995844557939,FALSE,FALSE
"pPGK1-mCherry-tPIR1_modD","pPGK1-mCherry","pPGK1","mCherry","URA3-ORF","tPIR1_modD","tPIR1","modD","bio_rep1","1",0.0866666666666678,0.941696017387346,FALSE,FALSE
"pPGK1-mCherry-tPIR1_modD","pPGK1-mCherry","pPGK1","mCherry","URA3-ORF","tPIR1_modD","tPIR1","modD","bio_rep2","1",0.538333333333334,0.688565912304151,FALSE,FALSE
"pPGK1-mCherry-tPIR1_modD","pPGK1-mCherry","pPGK1","mCherry","URA3-ORF","tPIR1_modD","tPIR1","modD","bio_rep3","1",0.038333333333334,0.973779251768334,FALSE,FALSE
"pPGK1-mCherry-tPIR1_modE","pPGK1-mCherry","pPGK1","mCherry","mCh-7","tPIR1_modE","tPIR1","modE","bio_rep4","2",0.166666666666668,0.890898718140339,FALSE,FALSE
"pPGK1-mCherry-tPIR1_modE","pPGK1-mCherry","pPGK1","mCherry","mCh-7","tPIR1_modE","tPIR1","modE","bio_rep5","2",0.416666666666668,0.74915353843834,FALSE,FALSE
"pPGK1-mCherry-tPIR1_modE","pPGK1-mCherry","pPGK1","mCherry","mCh-7","tPIR1_modE","tPIR1","modE","bio_rep6","2",0.408333333333333,0.753493340737288,FALSE,FALSE
"pPGK1-mCherry-tPIR1_modE","pPGK1-mCherry","pPGK1","mCherry","mCh-7","tPIR1_modE","tPIR1","modE","bio_rep1","1",0.41,0.752623373705534,FALSE,FALSE
"pPGK1-mCherry-tPIR1_modE","pPGK1-mCherry","pPGK1","mCherry","mCh-7","tPIR1_modE","tPIR1","modE","bio_rep2","1",0.521666666666667,0.696566662816109,FALSE,FALSE
"pPGK1-mCherry-tPIR1_modE","pPGK1-mCherry","pPGK1","mCherry","mCh-7","tPIR1_modE","tPIR1","modE","bio_rep3","1",0.286666666666667,0.819793998390271,FALSE,FALSE
"pPGK1-mCherry-tPIR1_modE","pPGK1-mCherry","pPGK1","mCherry","PGK1-ORF","tPIR1_modE","tPIR1","modE","bio_rep4","2",-0.333333333333332,1.25992104989487,FALSE,FALSE
"pPGK1-mCherry-tPIR1_modE","pPGK1-mCherry","pPGK1","mCherry","PGK1-ORF","tPIR1_modE","tPIR1","modE","bio_rep5","2",-0.113333333333333,1.0817246660801,FALSE,FALSE
"pPGK1-mCherry-tPIR1_modE","pPGK1-mCherry","pPGK1","mCherry","PGK1-ORF","tPIR1_modE","tPIR1","modE","bio_rep6","2",-0.551666666666666,1.46577805142067,FALSE,FALSE
"pPGK1-mCherry-tPIR1_modE","pPGK1-mCherry","pPGK1","mCherry","PGK1-ORF","tPIR1_modE","tPIR1","modE","bio_rep1","1",-0.359999999999999,1.2834258975629,FALSE,FALSE
"pPGK1-mCherry-tPIR1_modE","pPGK1-mCherry","pPGK1","mCherry","PGK1-ORF","tPIR1_modE","tPIR1","modE","bio_rep2","1",-0.248333333333333,1.18783408231876,FALSE,FALSE
"pPGK1-mCherry-tPIR1_modE","pPGK1-mCherry","pPGK1","mCherry","PGK1-ORF","tPIR1_modE","tPIR1","modE","bio_rep3","1",-0.443333333333333,1.35974237281285,FALSE,FALSE
"pPGK1-mCherry-tPIR1_modE","pPGK1-mCherry","pPGK1","mCherry","PIR1-ORF","tPIR1_modE","tPIR1","modE","bio_rep4","2",0.226666666666667,0.8546071742649,FALSE,FALSE
"pPGK1-mCherry-tPIR1_modE","pPGK1-mCherry","pPGK1","mCherry","PIR1-ORF","tPIR1_modE","tPIR1","modE","bio_rep5","2",0.816666666666668,0.567752214535438,FALSE,FALSE
"pPGK1-mCherry-tPIR1_modE","pPGK1-mCherry","pPGK1","mCherry","PIR1-ORF","tPIR1_modE","tPIR1","modE","bio_rep6","2",0.268333333333333,0.830278166937376,FALSE,FALSE
"pPGK1-mCherry-tPIR1_modE","pPGK1-mCherry","pPGK1","mCherry","PIR1-ORF","tPIR1_modE","tPIR1","modE","bio_rep1","1",0.460000000000001,0.726986258660155,FALSE,FALSE
"pPGK1-mCherry-tPIR1_modE","pPGK1-mCherry","pPGK1","mCherry","PIR1-ORF","tPIR1_modE","tPIR1","modE","bio_rep2","1",0.381666666666668,0.767550369306168,FALSE,FALSE
"pPGK1-mCherry-tPIR1_modE","pPGK1-mCherry","pPGK1","mCherry","PIR1-ORF","tPIR1_modE","tPIR1","modE","bio_rep3","1",0.446666666666667,0.733736181555579,FALSE,FALSE
"pPGK1-mCherry-tPIR1_modE","pPGK1-mCherry","pPGK1","mCherry","URA3-ORF","tPIR1_modE","tPIR1","modE","bio_rep4","2",0.266666666666667,0.831237896142787,FALSE,FALSE
"pPGK1-mCherry-tPIR1_modE","pPGK1-mCherry","pPGK1","mCherry","URA3-ORF","tPIR1_modE","tPIR1","modE","bio_rep5","2",0.276666666666667,0.825496116582272,FALSE,FALSE
"pPGK1-mCherry-tPIR1_modE","pPGK1-mCherry","pPGK1","mCherry","URA3-ORF","tPIR1_modE","tPIR1","modE","bio_rep6","2",0.408333333333333,0.753493340737288,FALSE,FALSE
"pPGK1-mCherry-tPIR1_modE","pPGK1-mCherry","pPGK1","mCherry","URA3-ORF","tPIR1_modE","tPIR1","modE","bio_rep1","1",0.370000000000001,0.773782496771194,FALSE,FALSE
"pPGK1-mCherry-tPIR1_modE","pPGK1-mCherry","pPGK1","mCherry","URA3-ORF","tPIR1_modE","tPIR1","modE","bio_rep2","1",0.421666666666667,0.746561664093771,FALSE,FALSE
"pPGK1-mCherry-tPIR1_modE","pPGK1-mCherry","pPGK1","mCherry","URA3-ORF","tPIR1_modE","tPIR1","modE","bio_rep3","1",0.276666666666666,0.825496116582274,FALSE,FALSE
"pPGK1-mCherry-tPIR1_modF","pPGK1-mCherry","pPGK1","mCherry","mCh-7","tPIR1_modF","tPIR1","modF","bio_rep4","2",-0.0749999999999993,1.05336103595484,FALSE,FALSE
"pPGK1-mCherry-tPIR1_modF","pPGK1-mCherry","pPGK1","mCherry","mCh-7","tPIR1_modF","tPIR1","modF","bio_rep5","2",0.351666666666667,0.783678234152632,FALSE,FALSE
"pPGK1-mCherry-tPIR1_modF","pPGK1-mCherry","pPGK1","mCherry","mCh-7","tPIR1_modF","tPIR1","modF","bio_rep6","2",-0.191666666666666,1.14208233931077,FALSE,FALSE
"pPGK1-mCherry-tPIR1_modF","pPGK1-mCherry","pPGK1","mCherry","mCh-7","tPIR1_modF","tPIR1","modF","bio_rep1","1",0.290000000000001,0.817902058557781,FALSE,FALSE
"pPGK1-mCherry-tPIR1_modF","pPGK1-mCherry","pPGK1","mCherry","mCh-7","tPIR1_modF","tPIR1","modF","bio_rep2","1",0.0449999999999999,0.969289816935065,FALSE,FALSE
"pPGK1-mCherry-tPIR1_modF","pPGK1-mCherry","pPGK1","mCherry","mCh-7","tPIR1_modF","tPIR1","modF","bio_rep3","1",-0.221666666666668,1.16607991699234,FALSE,FALSE
"pPGK1-mCherry-tPIR1_modF","pPGK1-mCherry","pPGK1","mCherry","PGK1-ORF","tPIR1_modF","tPIR1","modF","bio_rep4","2",-0.215,1.16070391438372,FALSE,FALSE
"pPGK1-mCherry-tPIR1_modF","pPGK1-mCherry","pPGK1","mCherry","PGK1-ORF","tPIR1_modF","tPIR1","modF","bio_rep5","2",-0.158333333333333,1.11599714263022,FALSE,FALSE
"pPGK1-mCherry-tPIR1_modF","pPGK1-mCherry","pPGK1","mCherry","PGK1-ORF","tPIR1_modF","tPIR1","modF","bio_rep6","2",-0.371666666666666,1.2938466778861,FALSE,FALSE
"pPGK1-mCherry-tPIR1_modF","pPGK1-mCherry","pPGK1","mCherry","PGK1-ORF","tPIR1_modF","tPIR1","modF","bio_rep1","1",-0.17,1.12505848468881,FALSE,FALSE
"pPGK1-mCherry-tPIR1_modF","pPGK1-mCherry","pPGK1","mCherry","PGK1-ORF","tPIR1_modF","tPIR1","modF","bio_rep2","1",-0.174999999999999,1.12896440480613,FALSE,FALSE
"pPGK1-mCherry-tPIR1_modF","pPGK1-mCherry","pPGK1","mCherry","PGK1-ORF","tPIR1_modF","tPIR1","modF","bio_rep3","1",-0.221666666666668,1.16607991699234,FALSE,FALSE
"pPGK1-mCherry-tPIR1_modF","pPGK1-mCherry","pPGK1","mCherry","PIR1-ORF","tPIR1_modF","tPIR1","modF","bio_rep4","2",0.645000000000001,0.639492790638714,FALSE,FALSE
"pPGK1-mCherry-tPIR1_modF","pPGK1-mCherry","pPGK1","mCherry","PIR1-ORF","tPIR1_modF","tPIR1","modF","bio_rep5","2",0.561666666666667,0.677519010790553,FALSE,FALSE
"pPGK1-mCherry-tPIR1_modF","pPGK1-mCherry","pPGK1","mCherry","PIR1-ORF","tPIR1_modF","tPIR1","modF","bio_rep6","2",0.478333333333333,0.717806387659408,FALSE,FALSE
"pPGK1-mCherry-tPIR1_modF","pPGK1-mCherry","pPGK1","mCherry","PIR1-ORF","tPIR1_modF","tPIR1","modF","bio_rep1","1",0.5,0.707106781186548,FALSE,FALSE
"pPGK1-mCherry-tPIR1_modF","pPGK1-mCherry","pPGK1","mCherry","PIR1-ORF","tPIR1_modF","tPIR1","modF","bio_rep2","1",0.585000000000001,0.666649338545599,FALSE,FALSE
"pPGK1-mCherry-tPIR1_modF","pPGK1-mCherry","pPGK1","mCherry","PIR1-ORF","tPIR1_modF","tPIR1","modF","bio_rep3","1",0.478333333333333,0.717806387659408,FALSE,FALSE
"pPGK1-mCherry-tPIR1_modF","pPGK1-mCherry","pPGK1","mCherry","URA3-ORF","tPIR1_modF","tPIR1","modF","bio_rep4","2",0.335000000000001,0.792784136610284,FALSE,FALSE
"pPGK1-mCherry-tPIR1_modF","pPGK1-mCherry","pPGK1","mCherry","URA3-ORF","tPIR1_modF","tPIR1","modF","bio_rep5","2",0.191666666666666,0.875593611405885,FALSE,FALSE
"pPGK1-mCherry-tPIR1_modF","pPGK1-mCherry","pPGK1","mCherry","URA3-ORF","tPIR1_modF","tPIR1","modF","bio_rep6","2",0.448333333333334,0.732889025710334,FALSE,FALSE
"pPGK1-mCherry-tPIR1_modF","pPGK1-mCherry","pPGK1","mCherry","URA3-ORF","tPIR1_modF","tPIR1","modF","bio_rep1","1",0.33,0.795536483754919,FALSE,FALSE
"pPGK1-mCherry-tPIR1_modF","pPGK1-mCherry","pPGK1","mCherry","URA3-ORF","tPIR1_modF","tPIR1","modF","bio_rep2","1",0.245000000000001,0.843815796130017,FALSE,FALSE
"pPGK1-mCherry-tPIR1_modF","pPGK1-mCherry","pPGK1","mCherry","URA3-ORF","tPIR1_modF","tPIR1","modF","bio_rep3","1",0.238333333333333,0.847724076153002,FALSE,FALSE
"pPGK1-mCherry-tPIR1_modG","pPGK1-mCherry","pPGK1","mCherry","mCh-7","tPIR1_modG","tPIR1","modG","bio_rep4","2",0.239999999999998,0.846745312362528,FALSE,FALSE
"pPGK1-mCherry-tPIR1_modG","pPGK1-mCherry","pPGK1","mCherry","mCh-7","tPIR1_modG","tPIR1","modG","bio_rep5","2",0.23,0.852634891767956,FALSE,FALSE
"pPGK1-mCherry-tPIR1_modG","pPGK1-mCherry","pPGK1","mCherry","mCh-7","tPIR1_modG","tPIR1","modG","bio_rep6","2",0.0783333333333349,0.947151206919903,FALSE,FALSE
"pPGK1-mCherry-tPIR1_modG","pPGK1-mCherry","pPGK1","mCherry","mCh-7","tPIR1_modG","tPIR1","modG","bio_rep1","1",-0.105,1.07549439045738,FALSE,FALSE
"pPGK1-mCherry-tPIR1_modG","pPGK1-mCherry","pPGK1","mCherry","mCh-7","tPIR1_modG","tPIR1","modG","bio_rep2","1",0.209999999999999,0.864537231307866,FALSE,FALSE
"pPGK1-mCherry-tPIR1_modG","pPGK1-mCherry","pPGK1","mCherry","mCh-7","tPIR1_modG","tPIR1","modG","bio_rep3","1",-0.34,1.26575659397028,FALSE,FALSE
"pPGK1-mCherry-tPIR1_modG","pPGK1-mCherry","pPGK1","mCherry","PGK1-ORF","tPIR1_modG","tPIR1","modG","bio_rep4","2",-0.4,1.31950791077289,FALSE,FALSE
"pPGK1-mCherry-tPIR1_modG","pPGK1-mCherry","pPGK1","mCherry","PGK1-ORF","tPIR1_modG","tPIR1","modG","bio_rep5","2",-0.33,1.25701337452183,FALSE,FALSE
"pPGK1-mCherry-tPIR1_modG","pPGK1-mCherry","pPGK1","mCherry","PGK1-ORF","tPIR1_modG","tPIR1","modG","bio_rep6","2",-0.561666666666666,1.47597334402936,FALSE,FALSE
"pPGK1-mCherry-tPIR1_modG","pPGK1-mCherry","pPGK1","mCherry","PGK1-ORF","tPIR1_modG","tPIR1","modG","bio_rep1","1",-0.355,1.27898558127743,FALSE,FALSE
"pPGK1-mCherry-tPIR1_modG","pPGK1-mCherry","pPGK1","mCherry","PGK1-ORF","tPIR1_modG","tPIR1","modG","bio_rep2","1",-0.33,1.25701337452183,FALSE,FALSE
"pPGK1-mCherry-tPIR1_modG","pPGK1-mCherry","pPGK1","mCherry","PGK1-ORF","tPIR1_modG","tPIR1","modG","bio_rep3","1",-0.5,1.4142135623731,FALSE,FALSE
"pPGK1-mCherry-tPIR1_modG","pPGK1-mCherry","pPGK1","mCherry","PIR1-ORF","tPIR1_modG","tPIR1","modG","bio_rep4","2",0.359999999999999,0.7791645796605,FALSE,FALSE
"pPGK1-mCherry-tPIR1_modG","pPGK1-mCherry","pPGK1","mCherry","PIR1-ORF","tPIR1_modG","tPIR1","modG","bio_rep5","2",0.58,0.668963777393056,FALSE,FALSE
"pPGK1-mCherry-tPIR1_modG","pPGK1-mCherry","pPGK1","mCherry","PIR1-ORF","tPIR1_modG","tPIR1","modG","bio_rep6","2",0.388333333333334,0.764011715799231,FALSE,FALSE
"pPGK1-mCherry-tPIR1_modG","pPGK1-mCherry","pPGK1","mCherry","PIR1-ORF","tPIR1_modG","tPIR1","modG","bio_rep1","1",0.574999999999999,0.671286251390132,FALSE,FALSE
"pPGK1-mCherry-tPIR1_modG","pPGK1-mCherry","pPGK1","mCherry","PIR1-ORF","tPIR1_modG","tPIR1","modG","bio_rep2","1",0.869999999999999,0.54714685063037,FALSE,FALSE
"pPGK1-mCherry-tPIR1_modG","pPGK1-mCherry","pPGK1","mCherry","PIR1-ORF","tPIR1_modG","tPIR1","modG","bio_rep3","1",0.65,0.637280313659631,FALSE,FALSE
"pPGK1-mCherry-tPIR1_modG","pPGK1-mCherry","pPGK1","mCherry","URA3-ORF","tPIR1_modG","tPIR1","modG","bio_rep4","2",0.44,0.737134608645551,FALSE,FALSE
"pPGK1-mCherry-tPIR1_modG","pPGK1-mCherry","pPGK1","mCherry","URA3-ORF","tPIR1_modG","tPIR1","modG","bio_rep5","2",0.25,0.840896415253715,FALSE,FALSE
"pPGK1-mCherry-tPIR1_modG","pPGK1-mCherry","pPGK1","mCherry","URA3-ORF","tPIR1_modG","tPIR1","modG","bio_rep6","2",0.258333333333335,0.836053208288509,FALSE,FALSE
"pPGK1-mCherry-tPIR1_modG","pPGK1-mCherry","pPGK1","mCherry","URA3-ORF","tPIR1_modG","tPIR1","modG","bio_rep1","1",0.365,0.77646887500104,FALSE,FALSE
"pPGK1-mCherry-tPIR1_modG","pPGK1-mCherry","pPGK1","mCherry","URA3-ORF","tPIR1_modG","tPIR1","modG","bio_rep2","1",0.26,0.835087919428369,FALSE,FALSE
"pPGK1-mCherry-tPIR1_modG","pPGK1-mCherry","pPGK1","mCherry","URA3-ORF","tPIR1_modG","tPIR1","modG","bio_rep3","1",-0.0499999999999989,1.03526492384138,FALSE,FALSE
"pSRO9-mCherry-tPIR1_WT","pSRO9-mCherry","pSRO9","mCherry","mCh-7","tPIR1_WT","tPIR1","WT","bio_rep4","2",4.59166666666667,0.0414734919480802,FALSE,FALSE
"pSRO9-mCherry-tPIR1_WT","pSRO9-mCherry","pSRO9","mCherry","mCh-7","tPIR1_WT","tPIR1","WT","bio_rep5","2",4.51333333333333,0.0437876145277271,FALSE,FALSE
"pSRO9-mCherry-tPIR1_WT","pSRO9-mCherry","pSRO9","mCherry","mCh-7","tPIR1_WT","tPIR1","WT","bio_rep6","2",4.66333333333333,0.0394636078497387,FALSE,FALSE
"pSRO9-mCherry-tPIR1_WT","pSRO9-mCherry","pSRO9","mCherry","mCh-7","tPIR1_WT","tPIR1","WT","bio_rep1","1",3.73166666666667,0.0752759767615497,FALSE,FALSE
"pSRO9-mCherry-tPIR1_WT","pSRO9-mCherry","pSRO9","mCherry","mCh-7","tPIR1_WT","tPIR1","WT","bio_rep2","1",4.53833333333333,0.0430353695190095,FALSE,FALSE
"pSRO9-mCherry-tPIR1_WT","pSRO9-mCherry","pSRO9","mCherry","mCh-7","tPIR1_WT","tPIR1","WT","bio_rep3","1",4.32333333333333,0.0499513218576642,FALSE,FALSE
"pSRO9-mCherry-tPIR1_WT","pSRO9-mCherry","pSRO9","mCherry","PGK1-ORF","tPIR1_WT","tPIR1","WT","bio_rep4","2",-0.888333333333334,1.85103648691262,FALSE,FALSE
"pSRO9-mCherry-tPIR1_WT","pSRO9-mCherry","pSRO9","mCherry","PGK1-ORF","tPIR1_WT","tPIR1","WT","bio_rep5","2",-0.646666666666667,1.5655468325982,FALSE,FALSE
"pSRO9-mCherry-tPIR1_WT","pSRO9-mCherry","pSRO9","mCherry","PGK1-ORF","tPIR1_WT","tPIR1","WT","bio_rep6","2",-0.746666666666666,1.6779115495365,FALSE,FALSE
"pSRO9-mCherry-tPIR1_WT","pSRO9-mCherry","pSRO9","mCherry","PGK1-ORF","tPIR1_WT","tPIR1","WT","bio_rep1","1",-0.518333333333333,1.43229963445783,FALSE,FALSE
"pSRO9-mCherry-tPIR1_WT","pSRO9-mCherry","pSRO9","mCherry","PGK1-ORF","tPIR1_WT","tPIR1","WT","bio_rep2","1",-0.551666666666668,1.46577805142067,FALSE,FALSE
"pSRO9-mCherry-tPIR1_WT","pSRO9-mCherry","pSRO9","mCherry","PGK1-ORF","tPIR1_WT","tPIR1","WT","bio_rep3","1",-0.676666666666668,1.59844229944525,FALSE,FALSE
"pSRO9-mCherry-tPIR1_WT","pSRO9-mCherry","pSRO9","mCherry","PIR1-ORF","tPIR1_WT","tPIR1","WT","bio_rep4","2",-0.158333333333333,1.11599714263022,FALSE,FALSE
"pSRO9-mCherry-tPIR1_WT","pSRO9-mCherry","pSRO9","mCherry","PIR1-ORF","tPIR1_WT","tPIR1","WT","bio_rep5","2",-0.206666666666667,1.15401875176356,FALSE,FALSE
"pSRO9-mCherry-tPIR1_WT","pSRO9-mCherry","pSRO9","mCherry","PIR1-ORF","tPIR1_WT","tPIR1","WT","bio_rep6","2",-0.376666666666667,1.29833858816158,FALSE,FALSE
"pSRO9-mCherry-tPIR1_WT","pSRO9-mCherry","pSRO9","mCherry","PIR1-ORF","tPIR1_WT","tPIR1","WT","bio_rep1","1",-0.548333333333334,1.46239529442743,FALSE,FALSE
"pSRO9-mCherry-tPIR1_WT","pSRO9-mCherry","pSRO9","mCherry","PIR1-ORF","tPIR1_WT","tPIR1","WT","bio_rep2","1",-0.311666666666667,1.24114069400433,FALSE,FALSE
"pSRO9-mCherry-tPIR1_WT","pSRO9-mCherry","pSRO9","mCherry","PIR1-ORF","tPIR1_WT","tPIR1","WT","bio_rep3","1",-0.416666666666668,1.33483985417004,FALSE,FALSE
"pSRO9-mCherry-tPIR1_WT","pSRO9-mCherry","pSRO9","mCherry","URA3-ORF","tPIR1_WT","tPIR1","WT","bio_rep4","2",0.831666666666667,0.561879758309471,FALSE,FALSE
"pSRO9-mCherry-tPIR1_WT","pSRO9-mCherry","pSRO9","mCherry","URA3-ORF","tPIR1_WT","tPIR1","WT","bio_rep5","2",0.753333333333334,0.593231317454243,FALSE,FALSE
"pSRO9-mCherry-tPIR1_WT","pSRO9-mCherry","pSRO9","mCherry","URA3-ORF","tPIR1_WT","tPIR1","WT","bio_rep6","2",0.823333333333334,0.565134694636578,FALSE,FALSE
"pSRO9-mCherry-tPIR1_WT","pSRO9-mCherry","pSRO9","mCherry","URA3-ORF","tPIR1_WT","tPIR1","WT","bio_rep1","1",0.551666666666666,0.682231528184486,FALSE,FALSE
"pSRO9-mCherry-tPIR1_WT","pSRO9-mCherry","pSRO9","mCherry","URA3-ORF","tPIR1_WT","tPIR1","WT","bio_rep2","1",0.658333333333333,0.633609849143531,FALSE,FALSE
"pSRO9-mCherry-tPIR1_WT","pSRO9-mCherry","pSRO9","mCherry","URA3-ORF","tPIR1_WT","tPIR1","WT","bio_rep3","1",0.663333333333332,0.631417725595821,FALSE,FALSE
"pSRO9-mCherry-tPIR1_modA","pSRO9-mCherry","pSRO9","mCherry","mCh-7","tPIR1_modA","tPIR1","modA","bio_rep4","2",3.87666666666667,0.0680780410089133,FALSE,FALSE
"pSRO9-mCherry-tPIR1_modA","pSRO9-mCherry","pSRO9","mCherry","mCh-7","tPIR1_modA","tPIR1","modA","bio_rep5","2",3.70166666666667,0.0768576850479951,FALSE,FALSE
"pSRO9-mCherry-tPIR1_modA","pSRO9-mCherry","pSRO9","mCherry","mCh-7","tPIR1_modA","tPIR1","modA","bio_rep6","2",3.905,0.0667540880029907,FALSE,FALSE
"pSRO9-mCherry-tPIR1_modA","pSRO9-mCherry","pSRO9","mCherry","mCh-7","tPIR1_modA","tPIR1","modA","bio_rep1","1",3.21166666666667,0.107942381926742,FALSE,FALSE
"pSRO9-mCherry-tPIR1_modA","pSRO9-mCherry","pSRO9","mCherry","mCh-7","tPIR1_modA","tPIR1","modA","bio_rep2","1",3.53833333333333,0.086070739038019,FALSE,FALSE
"pSRO9-mCherry-tPIR1_modA","pSRO9-mCherry","pSRO9","mCherry","mCh-7","tPIR1_modA","tPIR1","modA","bio_rep3","1",3.405,0.0944045365976766,FALSE,FALSE
"pSRO9-mCherry-tPIR1_modA","pSRO9-mCherry","pSRO9","mCherry","PGK1-ORF","tPIR1_modA","tPIR1","modA","bio_rep4","2",-0.703333333333333,1.6282625352114,FALSE,FALSE
"pSRO9-mCherry-tPIR1_modA","pSRO9-mCherry","pSRO9","mCherry","PGK1-ORF","tPIR1_modA","tPIR1","modA","bio_rep5","2",-0.848333333333333,1.80041979683622,FALSE,FALSE
"pSRO9-mCherry-tPIR1_modA","pSRO9-mCherry","pSRO9","mCherry","PGK1-ORF","tPIR1_modA","tPIR1","modA","bio_rep6","2",-0.785,1.72309231942403,FALSE,FALSE
"pSRO9-mCherry-tPIR1_modA","pSRO9-mCherry","pSRO9","mCherry","PGK1-ORF","tPIR1_modA","tPIR1","modA","bio_rep1","1",-0.498333333333333,1.4125807421362,FALSE,FALSE
"pSRO9-mCherry-tPIR1_modA","pSRO9-mCherry","pSRO9","mCherry","PGK1-ORF","tPIR1_modA","tPIR1","modA","bio_rep2","1",-0.581666666666667,1.49657716409596,FALSE,FALSE
"pSRO9-mCherry-tPIR1_modA","pSRO9-mCherry","pSRO9","mCherry","PGK1-ORF","tPIR1_modA","tPIR1","modA","bio_rep3","1",-0.525,1.43893358001082,FALSE,FALSE
"pSRO9-mCherry-tPIR1_modA","pSRO9-mCherry","pSRO9","mCherry","PIR1-ORF","tPIR1_modA","tPIR1","modA","bio_rep4","2",0.0566666666666666,0.961483052482653,FALSE,FALSE
"pSRO9-mCherry-tPIR1_modA","pSRO9-mCherry","pSRO9","mCherry","PIR1-ORF","tPIR1_modA","tPIR1","modA","bio_rep5","2",-0.0883333333333329,1.06314128377801,FALSE,FALSE
"pSRO9-mCherry-tPIR1_modA","pSRO9-mCherry","pSRO9","mCherry","PIR1-ORF","tPIR1_modA","tPIR1","modA","bio_rep6","2",-0.0250000000000004,1.01747969210269,FALSE,FALSE
"pSRO9-mCherry-tPIR1_modA","pSRO9-mCherry","pSRO9","mCherry","PIR1-ORF","tPIR1_modA","tPIR1","modA","bio_rep1","1",-0.118333333333334,1.08548014207726,FALSE,FALSE
"pSRO9-mCherry-tPIR1_modA","pSRO9-mCherry","pSRO9","mCherry","PIR1-ORF","tPIR1_modA","tPIR1","modA","bio_rep2","1",-0.271666666666667,1.20720163645803,FALSE,FALSE
"pSRO9-mCherry-tPIR1_modA","pSRO9-mCherry","pSRO9","mCherry","PIR1-ORF","tPIR1_modA","tPIR1","modA","bio_rep3","1",-0.334999999999999,1.26137740883125,FALSE,FALSE
"pSRO9-mCherry-tPIR1_modA","pSRO9-mCherry","pSRO9","mCherry","URA3-ORF","tPIR1_modA","tPIR1","modA","bio_rep4","2",0.766666666666666,0.587773953141805,FALSE,FALSE
"pSRO9-mCherry-tPIR1_modA","pSRO9-mCherry","pSRO9","mCherry","URA3-ORF","tPIR1_modA","tPIR1","modA","bio_rep5","2",0.771666666666667,0.585740409747309,FALSE,FALSE
"pSRO9-mCherry-tPIR1_modA","pSRO9-mCherry","pSRO9","mCherry","URA3-ORF","tPIR1_modA","tPIR1","modA","bio_rep6","2",0.744999999999999,0.596667871515861,FALSE,FALSE
"pSRO9-mCherry-tPIR1_modA","pSRO9-mCherry","pSRO9","mCherry","URA3-ORF","tPIR1_modA","tPIR1","modA","bio_rep1","1",0.501666666666667,0.706290371068098,FALSE,FALSE
"pSRO9-mCherry-tPIR1_modA","pSRO9-mCherry","pSRO9","mCherry","URA3-ORF","tPIR1_modA","tPIR1","modA","bio_rep2","1",0.588333333333333,0.66511082955386,FALSE,FALSE
"pSRO9-mCherry-tPIR1_modA","pSRO9-mCherry","pSRO9","mCherry","URA3-ORF","tPIR1_modA","tPIR1","modA","bio_rep3","1",0.475,0.71946679000541,FALSE,FALSE
"pSRO9-mCherry-tPIR1_modB","pSRO9-mCherry","pSRO9","mCherry","mCh-7","tPIR1_modB","tPIR1","modB","bio_rep4","2",4.27333333333333,0.0517128514187508,FALSE,FALSE
"pSRO9-mCherry-tPIR1_modB","pSRO9-mCherry","pSRO9","mCherry","mCh-7","tPIR1_modB","tPIR1","modB","bio_rep5","2",4.365,0.048529304687565,FALSE,FALSE
"pSRO9-mCherry-tPIR1_modB","pSRO9-mCherry","pSRO9","mCherry","mCh-7","tPIR1_modB","tPIR1","modB","bio_rep6","2",4.21833333333333,0.0537223664538488,FALSE,FALSE
"pSRO9-mCherry-tPIR1_modB","pSRO9-mCherry","pSRO9","mCherry","mCh-7","tPIR1_modB","tPIR1","modB","bio_rep1","1",4.16,0.0559390669329983,FALSE,FALSE
"pSRO9-mCherry-tPIR1_modB","pSRO9-mCherry","pSRO9","mCherry","mCh-7","tPIR1_modB","tPIR1","modB","bio_rep2","1",4.305,0.050590138534213,FALSE,FALSE
"pSRO9-mCherry-tPIR1_modB","pSRO9-mCherry","pSRO9","mCherry","mCh-7","tPIR1_modB","tPIR1","modB","bio_rep3","1",4.24333333333333,0.052799448353439,FALSE,FALSE
"pSRO9-mCherry-tPIR1_modB","pSRO9-mCherry","pSRO9","mCherry","PGK1-ORF","tPIR1_modB","tPIR1","modB","bio_rep4","2",-0.836666666666666,1.78591902212076,FALSE,FALSE
"pSRO9-mCherry-tPIR1_modB","pSRO9-mCherry","pSRO9","mCherry","PGK1-ORF","tPIR1_modB","tPIR1","modB","bio_rep5","2",-0.845000000000001,1.79626474576787,FALSE,FALSE
"pSRO9-mCherry-tPIR1_modB","pSRO9-mCherry","pSRO9","mCherry","PGK1-ORF","tPIR1_modB","tPIR1","modB","bio_rep6","2",-0.681666666666667,1.60399168911588,FALSE,FALSE
"pSRO9-mCherry-tPIR1_modB","pSRO9-mCherry","pSRO9","mCherry","PGK1-ORF","tPIR1_modB","tPIR1","modB","bio_rep1","1",-0.59,1.50524674741107,FALSE,FALSE
"pSRO9-mCherry-tPIR1_modB","pSRO9-mCherry","pSRO9","mCherry","PGK1-ORF","tPIR1_modB","tPIR1","modB","bio_rep2","1",-0.855,1.80875875512218,FALSE,FALSE
"pSRO9-mCherry-tPIR1_modB","pSRO9-mCherry","pSRO9","mCherry","PGK1-ORF","tPIR1_modB","tPIR1","modB","bio_rep3","1",-0.596666666666668,1.51221856023983,FALSE,FALSE
"pSRO9-mCherry-tPIR1_modB","pSRO9-mCherry","pSRO9","mCherry","PIR1-ORF","tPIR1_modB","tPIR1","modB","bio_rep4","2",0.0833333333333339,0.943874312681693,FALSE,FALSE
"pSRO9-mCherry-tPIR1_modB","pSRO9-mCherry","pSRO9","mCherry","PIR1-ORF","tPIR1_modB","tPIR1","modB","bio_rep5","2",0.104999999999999,0.929804942613163,FALSE,FALSE
"pSRO9-mCherry-tPIR1_modB","pSRO9-mCherry","pSRO9","mCherry","PIR1-ORF","tPIR1_modB","tPIR1","modB","bio_rep6","2",0.0583333333333336,0.960372945051004,FALSE,FALSE
"pSRO9-mCherry-tPIR1_modB","pSRO9-mCherry","pSRO9","mCherry","PIR1-ORF","tPIR1_modB","tPIR1","modB","bio_rep1","1",0.0400000000000009,0.972654947412285,FALSE,FALSE
"pSRO9-mCherry-tPIR1_modB","pSRO9-mCherry","pSRO9","mCherry","PIR1-ORF","tPIR1_modB","tPIR1","modB","bio_rep2","1",0.0549999999999997,0.962594443101752,FALSE,FALSE
"pSRO9-mCherry-tPIR1_modB","pSRO9-mCherry","pSRO9","mCherry","PIR1-ORF","tPIR1_modB","tPIR1","modB","bio_rep3","1",-0.206666666666667,1.15401875176356,FALSE,FALSE
"pSRO9-mCherry-tPIR1_modB","pSRO9-mCherry","pSRO9","mCherry","URA3-ORF","tPIR1_modB","tPIR1","modB","bio_rep4","2",0.813333333333334,0.569065517293911,FALSE,FALSE
"pSRO9-mCherry-tPIR1_modB","pSRO9-mCherry","pSRO9","mCherry","URA3-ORF","tPIR1_modB","tPIR1","modB","bio_rep5","2",0.885,0.541487522762962,FALSE,FALSE
"pSRO9-mCherry-tPIR1_modB","pSRO9-mCherry","pSRO9","mCherry","URA3-ORF","tPIR1_modB","tPIR1","modB","bio_rep6","2",0.818333333333333,0.567096700170351,FALSE,FALSE
"pSRO9-mCherry-tPIR1_modB","pSRO9-mCherry","pSRO9","mCherry","URA3-ORF","tPIR1_modB","tPIR1","modB","bio_rep1","1",0.630000000000001,0.646176415318746,FALSE,FALSE
"pSRO9-mCherry-tPIR1_modB","pSRO9-mCherry","pSRO9","mCherry","URA3-ORF","tPIR1_modB","tPIR1","modB","bio_rep2","1",0.865,0.549046406893525,FALSE,FALSE
"pSRO9-mCherry-tPIR1_modB","pSRO9-mCherry","pSRO9","mCherry","URA3-ORF","tPIR1_modB","tPIR1","modB","bio_rep3","1",0.703333333333333,0.614151574684587,FALSE,FALSE
"pSRO9-mCherry-tPIR1_modC","pSRO9-mCherry","pSRO9","mCherry","mCh-7","tPIR1_modC","tPIR1","modC","bio_rep4","2",4.21333333333333,0.0539088769995119,FALSE,FALSE
"pSRO9-mCherry-tPIR1_modC","pSRO9-mCherry","pSRO9","mCherry","mCh-7","tPIR1_modC","tPIR1","modC","bio_rep5","2",4.11833333333333,0.0575782067098852,FALSE,FALSE
"pSRO9-mCherry-tPIR1_modC","pSRO9-mCherry","pSRO9","mCherry","mCh-7","tPIR1_modC","tPIR1","modC","bio_rep6","2",4.185,0.0549780672451523,FALSE,FALSE
"pSRO9-mCherry-tPIR1_modC","pSRO9-mCherry","pSRO9","mCherry","mCh-7","tPIR1_modC","tPIR1","modC","bio_rep1","1",4.35333333333333,0.0489233385186938,FALSE,FALSE
"pSRO9-mCherry-tPIR1_modC","pSRO9-mCherry","pSRO9","mCherry","mCh-7","tPIR1_modC","tPIR1","modC","bio_rep2","1",4.44166666666667,0.0460177205656414,FALSE,FALSE
"pSRO9-mCherry-tPIR1_modC","pSRO9-mCherry","pSRO9","mCherry","mCh-7","tPIR1_modC","tPIR1","modC","bio_rep3","1",3.955,0.0644801987063349,FALSE,FALSE
"pSRO9-mCherry-tPIR1_modC","pSRO9-mCherry","pSRO9","mCherry","PGK1-ORF","tPIR1_modC","tPIR1","modC","bio_rep4","2",-0.766666666666667,1.70133432190171,FALSE,FALSE
"pSRO9-mCherry-tPIR1_modC","pSRO9-mCherry","pSRO9","mCherry","PGK1-ORF","tPIR1_modC","tPIR1","modC","bio_rep5","2",-0.921666666666667,1.89430241383981,FALSE,FALSE
"pSRO9-mCherry-tPIR1_modC","pSRO9-mCherry","pSRO9","mCherry","PGK1-ORF","tPIR1_modC","tPIR1","modC","bio_rep6","2",-0.885,1.84676462145879,FALSE,FALSE
"pSRO9-mCherry-tPIR1_modC","pSRO9-mCherry","pSRO9","mCherry","PGK1-ORF","tPIR1_modC","tPIR1","modC","bio_rep1","1",-0.506666666666668,1.42076373912898,FALSE,FALSE
"pSRO9-mCherry-tPIR1_modC","pSRO9-mCherry","pSRO9","mCherry","PGK1-ORF","tPIR1_modC","tPIR1","modC","bio_rep2","1",-0.608333333333333,1.52449702325576,FALSE,FALSE
"pSRO9-mCherry-tPIR1_modC","pSRO9-mCherry","pSRO9","mCherry","PGK1-ORF","tPIR1_modC","tPIR1","modC","bio_rep3","1",-0.595000000000001,1.51047258556283,FALSE,FALSE
"pSRO9-mCherry-tPIR1_modC","pSRO9-mCherry","pSRO9","mCherry","PIR1-ORF","tPIR1_modC","tPIR1","modC","bio_rep4","2",-0.146666666666667,1.10700878159531,FALSE,FALSE
"pSRO9-mCherry-tPIR1_modC","pSRO9-mCherry","pSRO9","mCherry","PIR1-ORF","tPIR1_modC","tPIR1","modC","bio_rep5","2",-0.0216666666666665,1.01513152858597,FALSE,FALSE
"pSRO9-mCherry-tPIR1_modC","pSRO9-mCherry","pSRO9","mCherry","PIR1-ORF","tPIR1_modC","tPIR1","modC","bio_rep6","2",-0.185,1.13681697323601,FALSE,FALSE
"pSRO9-mCherry-tPIR1_modC","pSRO9-mCherry","pSRO9","mCherry","PIR1-ORF","tPIR1_modC","tPIR1","modC","bio_rep1","1",0.113333333333333,0.92444966021136,FALSE,FALSE
"pSRO9-mCherry-tPIR1_modC","pSRO9-mCherry","pSRO9","mCherry","PIR1-ORF","tPIR1_modC","tPIR1","modC","bio_rep2","1",0.271666666666667,0.828362031494618,FALSE,FALSE
"pSRO9-mCherry-tPIR1_modC","pSRO9-mCherry","pSRO9","mCherry","PIR1-ORF","tPIR1_modC","tPIR1","modC","bio_rep3","1",0.0150000000000006,0.989656656415207,FALSE,FALSE
"pSRO9-mCherry-tPIR1_modC","pSRO9-mCherry","pSRO9","mCherry","URA3-ORF","tPIR1_modC","tPIR1","modC","bio_rep4","2",0.783333333333333,0.58102279347892,FALSE,FALSE
"pSRO9-mCherry-tPIR1_modC","pSRO9-mCherry","pSRO9","mCherry","URA3-ORF","tPIR1_modC","tPIR1","modC","bio_rep5","2",0.918333333333333,0.529119930650594,FALSE,FALSE
"pSRO9-mCherry-tPIR1_modC","pSRO9-mCherry","pSRO9","mCherry","URA3-ORF","tPIR1_modC","tPIR1","modC","bio_rep6","2",0.865,0.549046406893525,FALSE,FALSE
"pSRO9-mCherry-tPIR1_modC","pSRO9-mCherry","pSRO9","mCherry","URA3-ORF","tPIR1_modC","tPIR1","modC","bio_rep1","1",0.533333333333333,0.690956439983888,FALSE,FALSE
"pSRO9-mCherry-tPIR1_modC","pSRO9-mCherry","pSRO9","mCherry","URA3-ORF","tPIR1_modC","tPIR1","modC","bio_rep2","1",0.631666666666668,0.645430354076221,FALSE,FALSE
"pSRO9-mCherry-tPIR1_modC","pSRO9-mCherry","pSRO9","mCherry","URA3-ORF","tPIR1_modC","tPIR1","modC","bio_rep3","1",0.465,0.72447107727744,FALSE,FALSE
"pSRO9-mCherry-tPIR1_modD","pSRO9-mCherry","pSRO9","mCherry","mCh-7","tPIR1_modD","tPIR1","modD","bio_rep4","2",5.48,0.0224055507502473,FALSE,FALSE
"pSRO9-mCherry-tPIR1_modD","pSRO9-mCherry","pSRO9","mCherry","mCh-7","tPIR1_modD","tPIR1","modD","bio_rep5","2",4.67333333333333,0.0391910127984457,FALSE,FALSE
"pSRO9-mCherry-tPIR1_modD","pSRO9-mCherry","pSRO9","mCherry","mCh-7","tPIR1_modD","tPIR1","modD","bio_rep6","2",4.425,0.0465524207225844,FALSE,FALSE
"pSRO9-mCherry-tPIR1_modD","pSRO9-mCherry","pSRO9","mCherry","mCh-7","tPIR1_modD","tPIR1","modD","bio_rep1","1",4.77333333333333,0.0365665079126911,FALSE,FALSE
"pSRO9-mCherry-tPIR1_modD","pSRO9-mCherry","pSRO9","mCherry","mCh-7","tPIR1_modD","tPIR1","modD","bio_rep2","1",3.96,0.0642571141660041,FALSE,FALSE
"pSRO9-mCherry-tPIR1_modD","pSRO9-mCherry","pSRO9","mCherry","mCh-7","tPIR1_modD","tPIR1","modD","bio_rep3","1",3.65,0.0796600392074539,FALSE,FALSE
"pSRO9-mCherry-tPIR1_modD","pSRO9-mCherry","pSRO9","mCherry","PGK1-ORF","tPIR1_modD","tPIR1","modD","bio_rep4","2",-0.67,1.59107296750984,FALSE,FALSE
"pSRO9-mCherry-tPIR1_modD","pSRO9-mCherry","pSRO9","mCherry","PGK1-ORF","tPIR1_modD","tPIR1","modD","bio_rep5","2",-0.926666666666666,1.9008789554216,FALSE,FALSE
"pSRO9-mCherry-tPIR1_modD","pSRO9-mCherry","pSRO9","mCherry","PGK1-ORF","tPIR1_modD","tPIR1","modD","bio_rep6","2",-0.605,1.52097875324101,FALSE,FALSE
"pSRO9-mCherry-tPIR1_modD","pSRO9-mCherry","pSRO9","mCherry","PGK1-ORF","tPIR1_modD","tPIR1","modD","bio_rep1","1",-0.496666666666666,1.41094980711805,FALSE,FALSE
"pSRO9-mCherry-tPIR1_modD","pSRO9-mCherry","pSRO9","mCherry","PGK1-ORF","tPIR1_modD","tPIR1","modD","bio_rep2","1",-0.43,1.34723357686569,FALSE,FALSE
"pSRO9-mCherry-tPIR1_modD","pSRO9-mCherry","pSRO9","mCherry","PGK1-ORF","tPIR1_modD","tPIR1","modD","bio_rep3","1",-0.640000000000001,1.558329159321,FALSE,FALSE
"pSRO9-mCherry-tPIR1_modD","pSRO9-mCherry","pSRO9","mCherry","PIR1-ORF","tPIR1_modD","tPIR1","modD","bio_rep4","2",-0.00999999999999979,1.00695555005672,FALSE,FALSE
"pSRO9-mCherry-tPIR1_modD","pSRO9-mCherry","pSRO9","mCherry","PIR1-ORF","tPIR1_modD","tPIR1","modD","bio_rep5","2",0.0833333333333339,0.943874312681693,FALSE,FALSE
"pSRO9-mCherry-tPIR1_modD","pSRO9-mCherry","pSRO9","mCherry","PIR1-ORF","tPIR1_modD","tPIR1","modD","bio_rep6","2",-0.195,1.14472416059868,FALSE,FALSE
"pSRO9-mCherry-tPIR1_modD","pSRO9-mCherry","pSRO9","mCherry","PIR1-ORF","tPIR1_modD","tPIR1","modD","bio_rep1","1",-0.296666666666667,1.22830314936917,FALSE,FALSE
"pSRO9-mCherry-tPIR1_modD","pSRO9-mCherry","pSRO9","mCherry","PIR1-ORF","tPIR1_modD","tPIR1","modD","bio_rep2","1",-0.0299999999999994,1.02101212570719,FALSE,FALSE
"pSRO9-mCherry-tPIR1_modD","pSRO9-mCherry","pSRO9","mCherry","PIR1-ORF","tPIR1_modD","tPIR1","modD","bio_rep3","1",-0.32,1.24833054890161,FALSE,FALSE
"pSRO9-mCherry-tPIR1_modD","pSRO9-mCherry","pSRO9","mCherry","URA3-ORF","tPIR1_modD","tPIR1","modD","bio_rep4","2",0.619999999999999,0.650670927720967,FALSE,FALSE
"pSRO9-mCherry-tPIR1_modD","pSRO9-mCherry","pSRO9","mCherry","URA3-ORF","tPIR1_modD","tPIR1","modD","bio_rep5","2",0.723333333333333,0.605696368470036,FALSE,FALSE
"pSRO9-mCherry-tPIR1_modD","pSRO9-mCherry","pSRO9","mCherry","URA3-ORF","tPIR1_modD","tPIR1","modD","bio_rep6","2",0.515000000000001,0.699792932797598,FALSE,FALSE
"pSRO9-mCherry-tPIR1_modD","pSRO9-mCherry","pSRO9","mCherry","URA3-ORF","tPIR1_modD","tPIR1","modD","bio_rep1","1",0.583333333333334,0.667419927085017,FALSE,FALSE
"pSRO9-mCherry-tPIR1_modD","pSRO9-mCherry","pSRO9","mCherry","URA3-ORF","tPIR1_modD","tPIR1","modD","bio_rep2","1",0.530000000000001,0.692554734055462,FALSE,FALSE
"pSRO9-mCherry-tPIR1_modD","pSRO9-mCherry","pSRO9","mCherry","URA3-ORF","tPIR1_modD","tPIR1","modD","bio_rep3","1",0.57,0.673616788432845,FALSE,FALSE
"pSRO9-mCherry-tPIR1_modE","pSRO9-mCherry","pSRO9","mCherry","mCh-7","tPIR1_modE","tPIR1","modE","bio_rep4","2",4.05833333333333,0.0600233090656878,FALSE,FALSE
"pSRO9-mCherry-tPIR1_modE","pSRO9-mCherry","pSRO9","mCherry","mCh-7","tPIR1_modE","tPIR1","modE","bio_rep5","2",4.49833333333333,0.0442452584377467,FALSE,FALSE
"pSRO9-mCherry-tPIR1_modE","pSRO9-mCherry","pSRO9","mCherry","mCh-7","tPIR1_modE","tPIR1","modE","bio_rep6","2",4.41333333333333,0.0469304032385866,FALSE,FALSE
"pSRO9-mCherry-tPIR1_modE","pSRO9-mCherry","pSRO9","mCherry","mCh-7","tPIR1_modE","tPIR1","modE","bio_rep1","1",4.205,0.0542211679470042,FALSE,FALSE
"pSRO9-mCherry-tPIR1_modE","pSRO9-mCherry","pSRO9","mCherry","mCh-7","tPIR1_modE","tPIR1","modE","bio_rep2","1",3.935,0.0653803087370331,FALSE,FALSE
"pSRO9-mCherry-tPIR1_modE","pSRO9-mCherry","pSRO9","mCherry","mCh-7","tPIR1_modE","tPIR1","modE","bio_rep3","1",3.955,0.0644801987063349,FALSE,FALSE
"pSRO9-mCherry-tPIR1_modE","pSRO9-mCherry","pSRO9","mCherry","PGK1-ORF","tPIR1_modE","tPIR1","modE","bio_rep4","2",-0.601666666666667,1.51746860277238,FALSE,FALSE
"pSRO9-mCherry-tPIR1_modE","pSRO9-mCherry","pSRO9","mCherry","PGK1-ORF","tPIR1_modE","tPIR1","modE","bio_rep5","2",-0.561666666666667,1.47597334402937,FALSE,FALSE
"pSRO9-mCherry-tPIR1_modE","pSRO9-mCherry","pSRO9","mCherry","PGK1-ORF","tPIR1_modE","tPIR1","modE","bio_rep6","2",-0.636666666666667,1.55473281070849,FALSE,FALSE
"pSRO9-mCherry-tPIR1_modE","pSRO9-mCherry","pSRO9","mCherry","PGK1-ORF","tPIR1_modE","tPIR1","modE","bio_rep1","1",-0.674999999999999,1.5965967727133,FALSE,FALSE
"pSRO9-mCherry-tPIR1_modE","pSRO9-mCherry","pSRO9","mCherry","PGK1-ORF","tPIR1_modE","tPIR1","modE","bio_rep2","1",-0.715,1.641483217621,FALSE,FALSE
"pSRO9-mCherry-tPIR1_modE","pSRO9-mCherry","pSRO9","mCherry","PGK1-ORF","tPIR1_modE","tPIR1","modE","bio_rep3","1",-0.494999999999999,1.40932075514202,FALSE,FALSE
"pSRO9-mCherry-tPIR1_modE","pSRO9-mCherry","pSRO9","mCherry","PIR1-ORF","tPIR1_modE","tPIR1","modE","bio_rep4","2",-0.0616666666666674,1.04367076041375,FALSE,FALSE
"pSRO9-mCherry-tPIR1_modE","pSRO9-mCherry","pSRO9","mCherry","PIR1-ORF","tPIR1_modE","tPIR1","modE","bio_rep5","2",0.178333333333333,0.883723324030176,FALSE,FALSE
"pSRO9-mCherry-tPIR1_modE","pSRO9-mCherry","pSRO9","mCherry","PIR1-ORF","tPIR1_modE","tPIR1","modE","bio_rep6","2",0.383333333333333,0.766664172334801,FALSE,FALSE
"pSRO9-mCherry-tPIR1_modE","pSRO9-mCherry","pSRO9","mCherry","PIR1-ORF","tPIR1_modE","tPIR1","modE","bio_rep1","1",0.0150000000000006,0.989656656415207,FALSE,FALSE
"pSRO9-mCherry-tPIR1_modE","pSRO9-mCherry","pSRO9","mCherry","PIR1-ORF","tPIR1_modE","tPIR1","modE","bio_rep2","1",0.0449999999999999,0.969289816935065,FALSE,FALSE
"pSRO9-mCherry-tPIR1_modE","pSRO9-mCherry","pSRO9","mCherry","PIR1-ORF","tPIR1_modE","tPIR1","modE","bio_rep3","1",-0.195,1.14472416059868,FALSE,FALSE
"pSRO9-mCherry-tPIR1_modE","pSRO9-mCherry","pSRO9","mCherry","URA3-ORF","tPIR1_modE","tPIR1","modE","bio_rep4","2",0.568333333333333,0.674395430737146,FALSE,FALSE
"pSRO9-mCherry-tPIR1_modE","pSRO9-mCherry","pSRO9","mCherry","URA3-ORF","tPIR1_modE","tPIR1","modE","bio_rep5","2",0.618333333333332,0.651423046609929,FALSE,FALSE
"pSRO9-mCherry-tPIR1_modE","pSRO9-mCherry","pSRO9","mCherry","URA3-ORF","tPIR1_modE","tPIR1","modE","bio_rep6","2",0.573333333333332,0.672062199796709,FALSE,FALSE
"pSRO9-mCherry-tPIR1_modE","pSRO9-mCherry","pSRO9","mCherry","URA3-ORF","tPIR1_modE","tPIR1","modE","bio_rep1","1",0.525,0.694959109921168,FALSE,FALSE
"pSRO9-mCherry-tPIR1_modE","pSRO9-mCherry","pSRO9","mCherry","URA3-ORF","tPIR1_modE","tPIR1","modE","bio_rep2","1",0.665000000000001,0.630688704415624,FALSE,FALSE
"pSRO9-mCherry-tPIR1_modE","pSRO9-mCherry","pSRO9","mCherry","URA3-ORF","tPIR1_modE","tPIR1","modE","bio_rep3","1",0.645,0.639492790638715,FALSE,FALSE
"pSRO9-mCherry-tPIR1_modF","pSRO9-mCherry","pSRO9","mCherry","mCh-7","tPIR1_modF","tPIR1","modF","bio_rep4","2",3.74,0.074842419038683,FALSE,FALSE
"pSRO9-mCherry-tPIR1_modF","pSRO9-mCherry","pSRO9","mCherry","mCh-7","tPIR1_modF","tPIR1","modF","bio_rep5","2",3.88333333333333,0.0677641793938386,FALSE,FALSE
"pSRO9-mCherry-tPIR1_modF","pSRO9-mCherry","pSRO9","mCherry","mCh-7","tPIR1_modF","tPIR1","modF","bio_rep6","2",4.27333333333334,0.0517128514187507,FALSE,FALSE
"pSRO9-mCherry-tPIR1_modF","pSRO9-mCherry","pSRO9","mCherry","mCh-7","tPIR1_modF","tPIR1","modF","bio_rep1","1",3.22666666666667,0.106825896783112,FALSE,FALSE
"pSRO9-mCherry-tPIR1_modF","pSRO9-mCherry","pSRO9","mCherry","mCh-7","tPIR1_modF","tPIR1","modF","bio_rep2","1",4.005,0.0622837664267418,FALSE,FALSE
"pSRO9-mCherry-tPIR1_modF","pSRO9-mCherry","pSRO9","mCherry","mCh-7","tPIR1_modF","tPIR1","modF","bio_rep3","1",3.82333333333333,0.0706418368295722,FALSE,FALSE
"pSRO9-mCherry-tPIR1_modF","pSRO9-mCherry","pSRO9","mCherry","PGK1-ORF","tPIR1_modF","tPIR1","modF","bio_rep4","2",-0.549999999999999,1.46408569594562,FALSE,FALSE
"pSRO9-mCherry-tPIR1_modF","pSRO9-mCherry","pSRO9","mCherry","PGK1-ORF","tPIR1_modF","tPIR1","modF","bio_rep5","2",-0.476666666666667,1.39152484417842,FALSE,FALSE
"pSRO9-mCherry-tPIR1_modF","pSRO9-mCherry","pSRO9","mCherry","PGK1-ORF","tPIR1_modF","tPIR1","modF","bio_rep6","2",-0.376666666666665,1.29833858816158,FALSE,FALSE
"pSRO9-mCherry-tPIR1_modF","pSRO9-mCherry","pSRO9","mCherry","PGK1-ORF","tPIR1_modF","tPIR1","modF","bio_rep1","1",-0.733333333333333,1.66247579228557,FALSE,FALSE
"pSRO9-mCherry-tPIR1_modF","pSRO9-mCherry","pSRO9","mCherry","PGK1-ORF","tPIR1_modF","tPIR1","modF","bio_rep2","1",-0.535,1.44894215455488,FALSE,FALSE
"pSRO9-mCherry-tPIR1_modF","pSRO9-mCherry","pSRO9","mCherry","PGK1-ORF","tPIR1_modF","tPIR1","modF","bio_rep3","1",-0.546666666666667,1.46070684461007,FALSE,FALSE
"pSRO9-mCherry-tPIR1_modF","pSRO9-mCherry","pSRO9","mCherry","PIR1-ORF","tPIR1_modF","tPIR1","modF","bio_rep4","2",0.300000000000001,0.812252396356235,FALSE,FALSE
"pSRO9-mCherry-tPIR1_modF","pSRO9-mCherry","pSRO9","mCherry","PIR1-ORF","tPIR1_modF","tPIR1","modF","bio_rep5","2",0.353333333333333,0.7827734162991,FALSE,FALSE
"pSRO9-mCherry-tPIR1_modF","pSRO9-mCherry","pSRO9","mCherry","PIR1-ORF","tPIR1_modF","tPIR1","modF","bio_rep6","2",-0.0266666666666655,1.01865580995729,FALSE,FALSE
"pSRO9-mCherry-tPIR1_modF","pSRO9-mCherry","pSRO9","mCherry","PIR1-ORF","tPIR1_modF","tPIR1","modF","bio_rep1","1",-0.103333333333333,1.07425264801329,FALSE,FALSE
"pSRO9-mCherry-tPIR1_modF","pSRO9-mCherry","pSRO9","mCherry","PIR1-ORF","tPIR1_modF","tPIR1","modF","bio_rep2","1",-0.0350000000000001,1.0245568230328,FALSE,FALSE
"pSRO9-mCherry-tPIR1_modF","pSRO9-mCherry","pSRO9","mCherry","PIR1-ORF","tPIR1_modF","tPIR1","modF","bio_rep3","1",-0.106666666666666,1.07673756824752,FALSE,FALSE
"pSRO9-mCherry-tPIR1_modF","pSRO9-mCherry","pSRO9","mCherry","URA3-ORF","tPIR1_modF","tPIR1","modF","bio_rep4","2",0.530000000000001,0.692554734055462,FALSE,FALSE
"pSRO9-mCherry-tPIR1_modF","pSRO9-mCherry","pSRO9","mCherry","URA3-ORF","tPIR1_modF","tPIR1","modF","bio_rep5","2",0.503333333333334,0.705474903559024,FALSE,FALSE
"pSRO9-mCherry-tPIR1_modF","pSRO9-mCherry","pSRO9","mCherry","URA3-ORF","tPIR1_modF","tPIR1","modF","bio_rep6","2",0.503333333333334,0.705474903559024,FALSE,FALSE
"pSRO9-mCherry-tPIR1_modF","pSRO9-mCherry","pSRO9","mCherry","URA3-ORF","tPIR1_modF","tPIR1","modF","bio_rep1","1",0.686666666666667,0.621287672242966,FALSE,FALSE
"pSRO9-mCherry-tPIR1_modF","pSRO9-mCherry","pSRO9","mCherry","URA3-ORF","tPIR1_modF","tPIR1","modF","bio_rep2","1",0.545,0.685391402489852,FALSE,FALSE
"pSRO9-mCherry-tPIR1_modF","pSRO9-mCherry","pSRO9","mCherry","URA3-ORF","tPIR1_modF","tPIR1","modF","bio_rep3","1",0.673333333333334,0.62705620477513,FALSE,FALSE
"pSRO9-mCherry-tPIR1_modG","pSRO9-mCherry","pSRO9","mCherry","mCh-7","tPIR1_modG","tPIR1","modG","bio_rep4","2",4.03666666666667,0.06093155348264,FALSE,FALSE
"pSRO9-mCherry-tPIR1_modG","pSRO9-mCherry","pSRO9","mCherry","mCh-7","tPIR1_modG","tPIR1","modG","bio_rep5","2",4.39333333333333,0.0475855272541335,FALSE,FALSE
"pSRO9-mCherry-tPIR1_modG","pSRO9-mCherry","pSRO9","mCherry","mCh-7","tPIR1_modG","tPIR1","modG","bio_rep6","2",4.23166666666667,0.0532281536285328,FALSE,FALSE
"pSRO9-mCherry-tPIR1_modG","pSRO9-mCherry","pSRO9","mCherry","mCh-7","tPIR1_modG","tPIR1","modG","bio_rep1","1",3.58166666666667,0.0835239257947041,FALSE,FALSE
"pSRO9-mCherry-tPIR1_modG","pSRO9-mCherry","pSRO9","mCherry","mCh-7","tPIR1_modG","tPIR1","modG","bio_rep2","1",3.875,0.0681567332915787,FALSE,FALSE
"pSRO9-mCherry-tPIR1_modG","pSRO9-mCherry","pSRO9","mCherry","mCh-7","tPIR1_modG","tPIR1","modG","bio_rep3","1",4.05666666666667,0.0600926907801658,FALSE,FALSE
"pSRO9-mCherry-tPIR1_modG","pSRO9-mCherry","pSRO9","mCherry","PGK1-ORF","tPIR1_modG","tPIR1","modG","bio_rep4","2",-0.813333333333333,1.75726690444243,FALSE,FALSE
"pSRO9-mCherry-tPIR1_modG","pSRO9-mCherry","pSRO9","mCherry","PGK1-ORF","tPIR1_modG","tPIR1","modG","bio_rep5","2",-0.746666666666666,1.6779115495365,FALSE,FALSE
"pSRO9-mCherry-tPIR1_modG","pSRO9-mCherry","pSRO9","mCherry","PGK1-ORF","tPIR1_modG","tPIR1","modG","bio_rep6","2",-0.558333333333334,1.47256705810053,FALSE,FALSE
"pSRO9-mCherry-tPIR1_modG","pSRO9-mCherry","pSRO9","mCherry","PGK1-ORF","tPIR1_modG","tPIR1","modG","bio_rep1","1",-0.638333333333332,1.55652994634865,FALSE,FALSE
"pSRO9-mCherry-tPIR1_modG","pSRO9-mCherry","pSRO9","mCherry","PGK1-ORF","tPIR1_modG","tPIR1","modG","bio_rep2","1",-0.485000000000001,1.3995858655952,FALSE,FALSE
"pSRO9-mCherry-tPIR1_modG","pSRO9-mCherry","pSRO9","mCherry","PGK1-ORF","tPIR1_modG","tPIR1","modG","bio_rep3","1",-0.663333333333332,1.58373761055944,FALSE,FALSE
"pSRO9-mCherry-tPIR1_modG","pSRO9-mCherry","pSRO9","mCherry","PIR1-ORF","tPIR1_modG","tPIR1","modG","bio_rep4","2",0.126666666666667,0.915945290270249,FALSE,FALSE
"pSRO9-mCherry-tPIR1_modG","pSRO9-mCherry","pSRO9","mCherry","PIR1-ORF","tPIR1_modG","tPIR1","modG","bio_rep5","2",0.293333333333335,0.816014484988445,FALSE,FALSE
"pSRO9-mCherry-tPIR1_modG","pSRO9-mCherry","pSRO9","mCherry","PIR1-ORF","tPIR1_modG","tPIR1","modG","bio_rep6","2",0.251666666666667,0.839925534532094,FALSE,FALSE
"pSRO9-mCherry-tPIR1_modG","pSRO9-mCherry","pSRO9","mCherry","PIR1-ORF","tPIR1_modG","tPIR1","modG","bio_rep1","1",-0.298333333333332,1.22972296076792,FALSE,FALSE
"pSRO9-mCherry-tPIR1_modG","pSRO9-mCherry","pSRO9","mCherry","PIR1-ORF","tPIR1_modG","tPIR1","modG","bio_rep2","1",0.225,0.855595025682602,FALSE,FALSE
"pSRO9-mCherry-tPIR1_modG","pSRO9-mCherry","pSRO9","mCherry","PIR1-ORF","tPIR1_modG","tPIR1","modG","bio_rep3","1",0.00666666666666771,0.995389679103228,FALSE,FALSE
"pSRO9-mCherry-tPIR1_modG","pSRO9-mCherry","pSRO9","mCherry","URA3-ORF","tPIR1_modG","tPIR1","modG","bio_rep4","2",0.826666666666666,0.563830463522902,FALSE,FALSE
"pSRO9-mCherry-tPIR1_modG","pSRO9-mCherry","pSRO9","mCherry","URA3-ORF","tPIR1_modG","tPIR1","modG","bio_rep5","2",0.813333333333334,0.569065517293911,FALSE,FALSE
"pSRO9-mCherry-tPIR1_modG","pSRO9-mCherry","pSRO9","mCherry","URA3-ORF","tPIR1_modG","tPIR1","modG","bio_rep6","2",0.471666666666666,0.721131033130762,FALSE,FALSE
"pSRO9-mCherry-tPIR1_modG","pSRO9-mCherry","pSRO9","mCherry","URA3-ORF","tPIR1_modG","tPIR1","modG","bio_rep1","1",0.701666666666668,0.614861480383961,FALSE,FALSE
"pSRO9-mCherry-tPIR1_modG","pSRO9-mCherry","pSRO9","mCherry","URA3-ORF","tPIR1_modG","tPIR1","modG","bio_rep2","1",0.475,0.71946679000541,FALSE,FALSE
"pSRO9-mCherry-tPIR1_modG","pSRO9-mCherry","pSRO9","mCherry","URA3-ORF","tPIR1_modG","tPIR1","modG","bio_rep3","1",0.726666666666667,0.604298528173384,FALSE,FALSE
