geneName,transcriptSequence,extra_motifs,ATATTC,UGUAHMNUA,HWNCAUUWY,UTR3_length,IDT_synthesise,Exceptions,meanCount
YGR154C,AAACTTCTAATATTTTCTTACACACACATATATTTATATGCATGGCTATACTTCAAAAGAGGTTGTCACTTCCATTTCCATGTAGGTAAAACTCGTGTATAGACGGAACACAGACTTCCCTAGTTTTATTGACTTCATAGTCTCTGCACCATTCAATTATGTCTCTGTAAAAGAGACTCTTCTTTATATCGCCCTTTTCTATATTCTCCATCTCCAGTTCTTTGAAGCATTTTGCTTTTCTCG,"TGCAT,TAATAATW",1,0,2,243,Yes,NA,0.3032095864678394
YDR191W,AAAGTATTTGTCCTACCAAAAAAGGTTGGAGATAAAATTAATGCATTTTTCATTAGATATATATATATATTCATATATATTGTTTAAGTTACCATTTTGTATGTTTTTC,"TGCAT,HTTTTTTYW,TAATAATW,GGGWAACGGW",1,0,2,109,No,Short,0.3131385114089267
YER175C,AAATTTCAGCCAATAAGCATTATATTCGTGAAATTTTAGTAAGAGCGCGCGTTTTAATTGGTGAAGCCTCGCGACGTATTCACAGATGTCCTAGAAAAAGTTACCATATCTGAAGACTGGTTGATATTTAGCTTAAATAGCATATTAATACTGTACCAGTTGAACCATTTTTTAATCTGTTACTGCCAGGAACGTTGATTCGTTTTCCCGGTAACATTGTTGTCTTTGGG,"TGTAAATA,TAATAATW",1,0,2,230,Yes,NA,0.637092780542433
YGL080W,AACGAGCAGTCTAAGAACCTGAAGTAGGTGACTAGATGGAAACATAAAAAAGAACAAGCAAGGATTAAGAGGATGGATATGTTCATGCATATTCTCTCATTTTTACCTCTTCTCCTTTTCATATATGCATGCTATAGAACCATTATCTCTATGAGTTTCATTTTATTTAGTAGTTAGTATTGAACCAAACTACATAAGATGACATATTCTAAATAACCTAAATAATTATTATGTCTTTATTCAAATATTTCTTTTATATCC,"TGCAT,TAATAATW,AKTCATTCCTT",2,0,2,261,No,NA,2.616281897890126
YNL222W,ACAAAACGGTCAATTACTGTAGAAAAGCATAAGCATTAAGCGGCCCTCATGAATCCTACATTATCCGTGAAATTTCAATACTTTCACAAGTCTTCGATAGCTTCCTAGTTATATTCATTATATAATATTACGTTTCTTGTTGCGGCTCTCTTAAGCACATTATTTGCTTGTTGTCC,"HTTTTTTYW,TAATAATW,AKTCATTCCTT,DRARAMGMD",1,0,2,176,Yes,NA,0.5904195732882245
YHR001W-A,AGCCAAAACATCCAACCGGCTGAGTGATTTTATTTATTTGTTTTACGTTCTTTTCTATCATTTTGGAAGAGGAATTAATGCAAAACACATTTGTATTTTTTTTTATTTTTGCATATTCTCGATTATCTATACATATTTTTAAACTGGATCATAAAAGGTATAAAAAGTAATTGATCCATACAACATTTTTAAATATTTACCCCTCTATTTTCAGAATATTTACTAAAACATCAGTTATC,"TGCAT,TGTAAATA,CHTGTATATAAAWA,TAATAATW,TTTAATGA",1,0,2,239,No,NA,1.2255805979863201
YKR075C,AGGAGAGTTTGCTCTCTTCTGCATTTCCACATACACATTTGATGTTAATTTACATACGAGTATACTCTCGTACACAACATATATATATATATATATGTAATATATTCATAGCACTTACTTATTAATGAAGGCCATAAGCCAAACAACATCTCACCATTTTTC,"TGCAT,HTTTTTTYW,TAATAATW,GGGWAACGGW",1,0,2,162,Maybe,NA,0.33958845154658057
YMR266W,AGGTTAAACATTATCAGAAATTATCTATTCCTATTTGTTTAGCTGTTATCCTCTGATGGTTGAATTGTAATTTTACTAAGAAAAGGAGAGGAAAAGGACGTGCATATATTCTTTTAATACATTTAAAATATGATTCTAATCATTTCTTATATAATAGTGTATAGTCTAATCATTCATCGTGTATAGT,"TGCAT,CHTGTATATAAAWA,HTTTTTTYW,TAATAATW",1,0,2,187,No,NA,2.24366502104938
YDR459C,ATAGTATTAAATTTTTCAAGCAATTTATATTCTGGGACGAAACTCATGTTACAATCGGTATATGTTTCTATTATCTATTCATTTTAATATATTCTGTATGCGTAGGGGAAGGGATAGTATATACATTTTCTTGATCGTCCTTCCATAAATAGTAAGAGATAAGTTTG,TAATAATW,2,0,2,167,Yes,NA,0.5983644115597405
YPR138C,ATCAACTCCCCAGTAACTGCTCGTCGGCACATTGAACGGAAGTGCCGCGATACTAGATTTTTTTTTATTTATTTATTTCTGAACTTTTTAATTTTATATTCTGCATTTTATCATAGACTCACAAAACAAATTCATTTCATC,"TGCAT,TGTAAATA,TAATAATW",1,0,2,141,No,NA,1.3027956657778281
YPL265W,ATGCCTTTTTAATCAAAGCCTTAGGGCAACATGAAACTATATTCATCCAATCAAAAAAATGAGCACAAGAATTTCTCTTTGATCATTTTTCTTTTACCTTTAATAACAATCGTTATCAACATTTTTTATTTCCAGTCCTACCACAGCATTATTGCATAATTAATTTACAGGAAGATTTTCTTGAAAAAATAGAAAGAAAAATACCCATTTTTTCAAGGAAAATAAAATTTATATATTACATACATTTCTATAAAACAGTTTAAATTCAAAAATATAAAC,"TGCAT,TGTAAATA,HTTTTTTYW,TAATAATW,WTATATAW",1,0,3,279,No,NA,2.104785530202008
YBL043W,ATTAAAATGAAGGAAATAACACAACTTCGTTTTGCATTATCATATTCACATCTGCATCCTATTTTTTTTTTCTCATTGTTGTTGTATCATTATTACTAACTAGTGCATCACCACTTGTCTAAATACCAAACGCAAAATATATATATTCTTACTTCATAACGTTCAAAATAAAGTTTTTAGTTTAAAATAAAATA,"TGCAT,HTTTTTTYW,TAATAATW,GGGWAACGGW,TATATATA",2,0,2,194,No,NA,0.9367664234680345
YFL050C,CATGACCGCTATGGTAGGTCGGCAGATCTTTAGCAGGCAGAATAAAAGTCTGCCGAACAACAAGTTCCTGAATTTTGAAAATTTTTGGCACATTGGTTGACTGCTTTTAAAGCATTTTTTTGATATGAGGGCACAAAAATATGACGCTTCACTTAAAGTTTCTCATATTCTGACACACTTCAGTGATTTTTTAAATCACATTGCATATTTATACCGTAAAAGTTGTAGAGTTAGTTTTCTTTATGTAGGCCAATAAAATAAATTTGCTTGAGCTGCATTACTAGC,"TGCAT,TGTAAATA,TAATAATW",1,0,2,285,Yes,NA,0.13204828251535752
YKL061W,GCTATCAAAAACGATAGATCGATTAGGATGACTTTGAAATGACTCCGCAGTGGACTGGCCGTTAATTTCAAGCGTGAGTAAAATAGTGCATGACAAAAGATGAGCTAGGCTTTTGTAAAAATATCTTACGTTGTAAAATTTTAGAAATCATTATTTCCTTCATATCATTTTGTCATTGACCTTCAGAAGAAAAGAGCCGACCAATAATATAAATAAATAAATAAAAATAATATTCCATTATTTCT,"TGCAT,TAATAATW,AKTCATTCCTT,AATACCY",1,0,3,245,Maybe,NA,0.524788835503289
YPL221W,GCTTTGTCGATGGGATAAAGGTAAAAAGAACAACGTAATTAAATCATTACGAAAACTCTACTGCATTATTTTTTAGTCTTTTTATAGAGACATGAACATTCAATTACTTTCAAGGATAAATATTCTAATATTCATATTATTCACTTATGTATTTTTAACGAAACTCTACTCCATTCT,"TGCAT,TGTAAATA,TAATAATW,AKTCATTCCTT",2,0,2,177,No,NA,1.0982393106298576
YOL042W,GGCATTACTATCTTGCCTTTTTTGTGCTTTTTTTCTTCATTCCTTGTTTTATTTTATTTGTACCTCTCTTATAACCTTGTTATCATACTTTTTATTCATTTCAAATATTCTTTCCATTATTGCAGTATTCTTTAAGTAATATTCCGAACGTGTTCCATAATTTGGGTATGAATGTATTTATAGAAATATATAAAACGCATGATTTTTCTTTTTTATATGTATATTATACTATTAGAACTATGTAAAAAAATGCCAGCATGTATAGAGG,"TGTAAATA,TTTTTTA,HTTTTTTYW,TAATAATW,AKTCATTCCTT,TTCTTGTW",2,1,2,268,Yes,NA,0.6532020078000128
YDL139C,GGTGCTAAAATGCCGTATATTCGAATTTCATTACCATCAGAATATATATATATATATATGAGTCTATATTAGGGACTATCATACGGTAACCCGGACCTCCATTACCCGCATGACTTTACTC,"HTTTTTTYW,TAATAATW,GGGWAACGGW",1,0,2,121,No,Short,0.30223018735443835
YOR176W,TAAGGGCCATTCATCCCACAATCTCAATATCAGTATATTCTCTTATTTATTAATTGAGGTTGCGTATTTATGTTTTCTTTGTGGTATATAATATATCATTATTTATTGCATTTTAAAACTTTTTTTTTCATT,"TGCAT,TAATAATW",1,0,2,132,No,NA,2.208075088083217
YLR094C,TAGACCCCCCACCTTTTCATCGCCTTCACCCCACCCATTTGCATTATCTAAAAATAGTAAACTATATATTCTACCACCACATTCATTATATATAATATTTAAAACAACGCATTACCACC,"TGCAT,HTTTTTTYW,TAATAATW,GGGWAACGGW",1,0,2,119,No,Short,1.1591511348496648
YBR071W,TATAACCTACCATAGGACACACTTTGTTGTTGATGTTGGACAATTCGTTAATTAAGAGTCCCTAAACGGCTCTACTAGTTCCAACCTCACTTTGTTTTTTCATTTTTTTATGTTTTTTCTAGAACCTTCTTTACGTGATTCTCGCTCGGAATCCGTCAATAGAATGTTTTCAGTCTCCGTTTCAATATTCTGCGCACATCAATCATTTTCTTACTACATACACTAACATTACTCCTAGTTTAATTTAATTGAATTTTTAACTTTCTTTTCTTTTC,"TGTAAATA,TAATAATW",1,0,3,275,No,NA,0.7310756104251318
YJL166W,TATTGTTTCCATGCCTCTACATTACATCGATCTTTTGATCTTCTAAAAACTTACATATATATTCTGTTTATAAAACAAGAGCAAATAACCCCCATATATTTATTCAGTCAGTCTATTTATTTACTTACAGTATCAGTAATAATAAATACTTAAGCATTTTTTGTTTTGT,"WTTGTAWTWT,HTTTTTTYW,TAATAATW",1,0,2,169,No,NA,4.993457293339916
YPL177C,TCACTTATCAATGCATTACTTAAATATTCATATAATTATATCTATTACCATTTACATTTTATCGTTACTATATATAGTATTATCATGTCATTGAACGTGTTACGTCTATTATGTTAC,"TGCAT,TAATAATW,GGGWAACGGW",1,0,2,117,No,Short,1.012160902595772
YKL164C,TCATAAGTTTACCTCTCATAGTCGCATGAAAACATAAAGTCATCGTAGCATATTCTGTACATTAGTCATTTCTGTCTCCAAAGGGCATAATTTGGGTCGGTTCATTTTTTTCTTCTTAATTCGTCTCTTCATTTCATAAAGCTTTCTTTTGAAACCTATGAAATGAGCTTTACAGTTCTTCACTCTTTTTTTTAAAGTTTGTTTATTTTTTTATACTATATACATTATTATTTCTAAAAAATCATTATAAATTACGTT,"TGTAAATA,TTTTTTA,TAATAATW",1,1,3,258,No,NA,8.77351957514441
YBR169C,TCGGAATTTTTGTCTATTTGGATTGTTCCCTCTTTATTCTTTCTTAAATGAACCACTAGTGCTTCATTATGTGCCCTTTATACATTACCTCTATATTCAATCTTCTATTATAAAAATGATAATTATTTCTACATAAGCCGTTATAAGAATTTAATGAAAATTATGAAATAACATACAC,TAATAATW,1,0,2,178,No,NA,0.33321755043525414
YNL082W,TCTAGCTTTGATATTCATTCATTATATAATTAACAAATACATTATATACAGGGAGTGACAACACAAAATATACTCGTGCATTGAAGATGCTTGATGG,"TGCAT,HTTTTTTYW,TAATAATW",1,0,2,97,No,Short,0.3219288719879975
YDL049C,TGAAATAATACAAAAAAAAAATTTATGAAAATGGACAAATCGATTTATTATATTCGTTAACATTTTTTCTGCTTAATTATTGTTATTCTATTTTTTTTTTTTTTTAAATGGATGAGCTGTATTCCATTTTAACCAGTAACGGTAATTTTTAATACTAATAAAAAAAGGAGACAAATAATATAGTATTAGTTGTAATTCATATTGTGTTTCTGTTTAGTACATATGTTAGTACATATATTCTTAATATGCT,"TGTAAATA,TAATAATW",2,0,2,250,No,NA,0.38074923851086706
YJL132W,TGATAAGTTATTATGTACAAGCATCGGTTTAGTTCAATTACATTAATTTAATACTTGAAAAGCATATTTGGCAATATGCGCTATATATATTCTGATGTCATTTGCTTCTATTTACATTTCATTCATTTTTTTTCTCTG,"HTTTTTTYW,TAATAATW,AKTCATTCCTT,GGGWAACGGW",1,0,2,138,Yes,NA,0.25605008723166756
YMR139W,TGATAGCACCGGAGGGAGCCCAGGCAAGAATAATGGGAGAAGGAAGGAACATATATACGTATGTCTTTTTTTAGTACTATTATTACTGTTATTATTATGAGTATTGTTTTTGTATTACCATCATATTCTTATCATTATTAGTAGTAACAGTATTATGTTATCATTACTGTTATAATGAATACAAATTATGAAAAAAATAAGGTAAAGCCAAAATAAATTGTAACTTTTTTATGCC,"TGTAAATA,TAATAATW,TKWCGRGGN",1,0,2,235,No,NA,1.0796739044924577
YNR014W,TTATCCATTCGTCCATCCATCTGTCTATCGTCACACAGCATTTCCCATCCCTCCTCTATACATACATACATATACAGTTCTGCGTGGTCTACGCAGCCATGTATATATATATTTCCGTCGTTTTATATATTCATTACTAAAATCGACAATGCATTTTTTGCCGCTTTCC,"TGCAT,HTTTTTTYW,TAATAATW,GGGWAACGGW",1,0,3,169,Yes,NA,0.6512855021410862
YNL211C,TTCATCCTTGTCTGATGTACAAGTACTATAAAACAGACAAAAGTACCTTTTGACTGCATTTCACACTAAAATCTCTTTTTAAAACGAAAAAAACGCATGCAATTTAAATAATATTACTACGTACTATTTGGCATTTCTATTTAACACCATTATATATATTCAAAACTATATATTACAC,"TGCAT,HTTTTTTYW,TAATAATW,AKTCATTCCTT,GGGWAACGGW",1,0,2,178,No,NA,0.6038228684107475
YOR038C,TTTGGCTTTAACAATGTATAGTTTAAACTCTTATATTTTTCATTATATTCATTATCTACAGTATGTAATATTATTGTAATTGCCTTCTTAATCTCG,TAATAATW,1,0,2,96,No,Short,0.4892075905103328
